lastTradeDate,strike,lastPrice,bid,ask,change,percentChange,volume,openInterest,impliedVolatility,inTheMoney,Expiration
2024-06-28,100.0,113.5,115.75,118.1,0.0,0.0,7.0,9,2.863284091796875,True,2024-07-05
2024-07-01,110.0,107.35,105.75,108.1,3.199997,3.0724885,1.0,1,2.5390661523437497,True,2024-07-05
2024-06-28,125.0,88.39,90.85,93.2,0.0,0.0,2.0,2,2.236332534179687,True,2024-07-05
2024-06-28,130.0,84.01,85.75,88.1,0.0,0.0,1.0,1,1.96484392578125,True,2024-07-05
2024-06-28,135.0,79.65,80.65,83.2,0.0,0.0,4.0,7,1.8320320898437497,True,2024-07-05
2024-06-28,140.0,74.49,75.75,78.1,0.0,0.0,1.0,3,1.7070327148437499,True,2024-07-05
2024-06-28,145.0,69.72,70.8,73.25,0.0,0.0,10.0,32,1.6933609082031251,True,2024-07-05
2024-07-01,150.0,65.3,65.8,68.1,0.44000244,0.678388,5.0,13,1.4941431542968748,True,2024-07-05
2024-06-06,155.0,41.55,60.8,63.25,0.0,0.0,5.0,12,1.4453152734375,True,2024-07-05
2024-06-28,160.0,56.6,55.5,58.15,2.619999,4.853647,1.0,18,1.1015669921875002,True,2024-07-05
2024-06-28,165.0,48.09,50.45,52.9,0.0,0.0,12.0,34,1.6030293286132813,True,2024-07-05
2024-06-28,170.0,44.46,45.5,47.95,0.0,0.0,110.0,174,1.4770533959960939,True,2024-07-05
2024-07-01,175.0,41.99,41.05,42.4,4.890003,13.180602,44.0,182,1.16016044921875,True,2024-07-05
2024-07-01,180.0,37.07,36.25,37.35,5.629999,17.907122,86.0,480,0.6757844921875001,True,2024-07-05
2024-07-01,182.5,34.1,33.5,35.4,5.419998,18.89818,6.0,519,0.773439765625,True,2024-07-05
2024-07-01,185.0,30.99,30.95,32.4,4.699999,17.877514,63.0,1658,0.91211025390625,True,2024-07-05
2024-07-01,187.5,28.75,28.35,30.25,2.9799995,11.563831,4.0,549,0.5429733203125001,True,2024-07-05
2024-07-01,190.0,27.1,26.1,27.7,5.800001,27.230053,151.0,1395,0.5888712988281251,True,2024-07-05
2024-07-01,192.5,23.65,23.15,24.85,4.6499996,24.473682,5.0,75,0.7143583251953125,True,2024-07-05
2024-07-01,195.0,22.1,21.2,22.55,5.1499996,30.383476,69.0,2371,0.7041045214843751,True,2024-07-05
2024-07-01,197.5,18.21,17.95,19.95,2.3799992,15.034739,8.0,142,0.6176796044921876,True,2024-07-05
2024-07-01,200.0,17.0,16.5,17.3,6.05,55.251144,1903.0,9738,0.5195360546875,True,2024-07-05
2024-07-01,202.5,14.65,13.9,15.35,6.0299997,69.9536,108.0,744,0.5661664477539063,True,2024-07-05
2024-07-01,205.0,12.15,11.6,12.4,5.9799995,96.92057,4998.0,4657,0.41699801757812494,True,2024-07-05
2024-07-01,207.5,9.6,9.15,9.7,5.4700003,132.44551,1368.0,5756,0.3139717041015625,True,2024-07-05
2024-07-01,210.0,7.05,6.75,7.3,4.4700003,173.25583,9543.0,12153,0.26807372558593745,True,2024-07-05
2024-07-01,212.5,4.8,4.7,5.0,3.4,242.85713,30858.0,12218,0.22657023437499998,True,2024-07-05
2024-07-01,215.0,2.93,2.87,2.96,2.23,318.5714,135828.0,28874,0.19458813232421873,True,2024-07-05
2024-07-01,217.5,1.52,1.49,1.55,1.15,310.81082,99841.0,16258,0.187508125,False,2024-07-05
2024-07-01,220.0,0.7,0.68,0.7,0.48,218.18182,106626.0,32295,0.18628743408203124,False,2024-07-05
2024-07-01,222.5,0.3,0.27,0.3,0.17000002,130.76926,27294.0,9222,0.192390888671875,False,2024-07-05
2024-07-01,225.0,0.13,0.11,0.13,0.029999994,29.999992,33820.0,7804,0.20313296874999998,False,2024-07-05
2024-07-01,227.5,0.07,0.06,0.07,-0.020000003,-22.222223,6728.0,4853,0.22168747070312497,False,2024-07-05
2024-07-01,230.0,0.05,0.03,0.05,-0.009999998,-16.666662,13875.0,20152,0.249030947265625,False,2024-07-05
2024-07-01,232.5,0.04,0.02,0.04,-0.010000002,-20.000002,3423.0,3038,0.27735097656249996,False,2024-07-05
2024-07-01,235.0,0.02,0.02,0.03,-0.030000001,-60.0,3108.0,5910,0.3007882421875,False,2024-07-05
2024-07-01,237.5,0.02,0.01,0.02,-0.01,-33.333336,676.0,654,0.32031929687499994,False,2024-07-05
2024-07-01,240.0,0.01,0.01,0.02,-0.02,-66.66667,1575.0,13972,0.35156898437499995,False,2024-07-05
2024-07-01,245.0,0.01,0.0,0.01,-0.01,-50.0,1377.0,1875,0.38281867187499996,False,2024-07-05
2024-07-01,250.0,0.01,0.0,0.01,-0.02,-66.66667,270.0,2453,0.437505625,False,2024-07-05
2024-07-01,255.0,0.01,0.0,0.01,0.0,0.0,53.0,904,0.49219257812500006,False,2024-07-05
2024-06-28,260.0,0.01,0.0,0.01,0.0,0.0,85.0,593,0.51562984375,False,2024-07-05
2024-07-01,265.0,0.01,0.0,0.01,0.0,0.0,1.0,2067,0.5625043750000001,False,2024-07-05
2024-07-01,270.0,0.01,0.0,0.01,0.0,0.0,3.0,569,0.6093789062500001,False,2024-07-05
2024-06-26,275.0,0.01,0.0,0.01,0.0,0.0,29.0,558,0.6562534375000001,False,2024-07-05
2024-07-01,280.0,0.01,0.0,0.01,0.0,0.0,1.0,448,0.70312796875,False,2024-07-05
2024-07-01,285.0,0.01,0.0,0.01,0.0,0.0,7.0,2353,0.7500025,False,2024-07-05
2024-06-25,100.0,109.97,115.6,117.35,0.0,0.0,1.0,2,2.2138716528320304,True,2024-07-12
2024-06-21,120.0,91.95,95.6,98.2,0.0,0.0,5.0,5,1.4160185449218752,True,2024-07-12
2024-06-26,130.0,84.2,85.7,87.4,0.0,0.0,3.0,11,1.5556662841796873,True,2024-07-12
2024-06-28,145.0,68.5,70.6,73.4,0.0,0.0,20.0,21,1.076176494140625,True,2024-07-12
2024-06-28,150.0,63.57,65.75,68.3,0.0,0.0,2.0,12,1.01172369140625,True,2024-07-12
2024-06-10,155.0,40.25,60.65,62.45,0.0,0.0,1.0,1,1.1005904345703126,True,2024-07-12
2024-07-01,160.0,57.29,55.75,57.45,3.0499992,5.623155,10.0,12,1.0131885278320314,True,2024-07-12
2024-06-24,165.0,47.6,50.75,53.2,0.0,0.0,1.0,14,0.75586181640625,True,2024-07-12
2024-07-01,170.0,47.0,45.75,47.5,2.630001,5.927431,2.0,107,0.8559584716796875,True,2024-07-12
2024-07-01,175.0,42.19,40.7,42.5,3.9300003,10.271826,41.0,318,0.772463212890625,True,2024-07-12
2024-07-01,180.0,36.79,36.25,37.5,2.9900017,8.84616,16.0,160,0.6904327832031252,True,2024-07-12
2024-07-01,185.0,32.38,31.2,32.55,3.9000015,13.693826,19.0,187,0.6181678808593751,True,2024-07-12
2024-07-01,187.5,28.1,28.95,30.05,1.8999996,7.251907,2.0,29,0.5773968041992188,True,2024-07-12
2024-07-01,190.0,27.34,26.3,27.55,4.99,22.32662,68.0,684,0.5366257275390626,True,2024-07-12
2024-07-01,192.5,23.5,23.3,26.05,1.5499992,7.0614996,9.0,32,0.6296423754882813,True,2024-07-12
2024-07-01,195.0,21.95,21.5,22.6,3.5500011,19.293486,99.0,2170,0.4621635815429688,True,2024-07-12
2024-07-01,197.5,20.22,18.35,21.1,4.039999,24.969091,3.0,57,0.5395553857421876,True,2024-07-12
2024-07-01,200.0,17.5,16.85,17.65,6.05,52.83843,287.0,5378,0.3850159155273437,True,2024-07-12
2024-07-01,202.5,15.0,14.0,15.2,5.0,50.0,104.0,273,0.3481510498046875,True,2024-07-12
2024-07-01,205.0,12.57,12.0,12.75,5.0699997,67.6,381.0,1374,0.309577216796875,True,2024-07-12
2024-07-01,207.5,10.35,9.85,10.25,4.5000005,76.92309,364.0,812,0.2640454455566406,True,2024-07-12
2024-07-01,210.0,7.95,7.8,8.0,4.2,111.99999,2261.0,4585,0.23853300537109373,True,2024-07-12
2024-07-01,212.5,6.0,5.8,6.0,3.35,126.41509,4333.0,2039,0.22339643798828124,True,2024-07-12
2024-07-01,215.0,4.21,4.2,4.3,2.5500002,153.61449,21192.0,14564,0.21472953247070312,True,2024-07-12
2024-07-01,217.5,2.86,2.85,2.93,1.81,172.38097,13148.0,6669,0.20960263061523435,False,2024-07-12
2024-07-01,220.0,1.87,1.85,1.93,1.2,179.1045,46775.0,18597,0.20911435424804684,False,2024-07-12
2024-07-01,222.5,1.16,1.12,1.19,0.68999994,146.80849,8974.0,1675,0.20752745605468748,False,2024-07-12
2024-07-01,225.0,0.71,0.66,0.71,0.42999998,153.57141,6269.0,5220,0.2082598706054687,False,2024-07-12
2024-07-01,227.5,0.41,0.38,0.42,0.21,105.0,2043.0,608,0.21143366699218746,False,2024-07-12
2024-07-01,230.0,0.24,0.23,0.25,0.08999999,59.999992,7833.0,10158,0.21631643066406248,False,2024-07-12
2024-07-01,232.5,0.15,0.14,0.16,0.040000007,36.36364,616.0,213,0.22510540527343748,False,2024-07-12
2024-07-01,235.0,0.1,0.1,0.11,0.020000003,25.000004,612.0,2071,0.23633576171874998,False,2024-07-12
2024-07-01,237.5,0.07,0.06,0.08,-0.020000003,-22.222223,219.0,47,0.24805439453125,False,2024-07-12
2024-07-01,240.0,0.05,0.05,0.06,0.0,0.0,694.0,3840,0.260749580078125,False,2024-07-12
2024-07-01,245.0,0.04,0.02,0.04,-0.02,-33.333336,299.0,729,0.2890696093749999,False,2024-07-12
2024-07-01,250.0,0.03,0.02,0.03,0.0,0.0,34.0,733,0.32031929687499994,False,2024-07-12
2024-07-01,255.0,0.02,0.01,0.02,-0.02,-50.0,62.0,591,0.3437565625,False,2024-07-12
2024-07-01,260.0,0.02,0.01,0.02,-0.01,-33.333336,210.0,6179,0.3789124609375,False,2024-07-12
2024-07-01,265.0,0.02,0.01,0.02,0.0,0.0,36.0,430,0.414068359375,False,2024-07-12
2024-07-01,270.0,0.01,0.0,0.02,-0.01,-50.0,4.0,337,0.445318046875,False,2024-07-12
2024-06-28,275.0,0.02,0.0,0.02,0.0,0.0,10.0,88,0.4804739453125,False,2024-07-12
2024-07-01,280.0,0.01,0.0,0.02,0.0,0.0,125.0,487,0.5117236328125,False,2024-07-12
2024-07-01,285.0,0.01,0.0,0.01,0.0,0.0,1175.0,238,0.507817421875,False,2024-07-12
2024-07-01,5.0,209.65,210.1,212.15,0.6799927,0.32540205,20.0,166,8.367192270507811,True,2024-07-19
2024-06-27,10.0,203.65,205.25,208.15,0.0,0.0,3.0,3,8.310551680908203,True,2024-07-19
2024-06-03,15.0,179.2,200.15,203.3,0.0,0.0,1.0,0,7.15039168701172,True,2024-07-19
2024-06-27,35.0,178.75,180.45,182.25,0.0,0.0,6.0,11,3.8613284716796876,True,2024-07-19
2024-06-21,40.0,170.65,175.35,177.25,0.0,0.0,1.0,1,3.5781260546875,True,2024-07-19
2024-06-25,50.0,166.0,165.4,168.3,6.0,3.75,1.0,3,2.5234411914062496,True,2024-07-19
2024-06-18,85.0,133.12,130.4,132.4,0.0,0.0,10.0,11,2.1210984472656245,True,2024-07-19
2024-07-01,90.0,120.2,126.2,127.4,-6.010002,-4.7619066,2000.0,327,1.4296903515625,True,2024-07-19
2024-06-12,95.0,120.76,120.7,123.55,0.0,0.0,10.0,32,1.732423212890625,True,2024-07-19
2024-07-01,100.0,115.5,115.6,117.45,5.5999985,5.09554,2.0,186,1.8056650341796874,True,2024-07-19
2024-05-03,105.0,81.2,86.15,89.75,0.0,0.0,1.0,1,1.0000000000000003e-05,True,2024-07-19
2024-07-01,110.0,104.78,106.3,107.45,3.619995,3.5784845,22.0,1095,1.2460975195312498,True,2024-07-19
2024-07-01,115.0,99.96,101.55,102.45,0.55999756,0.5633778,2557.0,2517,1.2851598242187499,True,2024-07-19
2024-07-01,120.0,95.23,96.25,97.5,4.0300064,4.4188666,22.0,57,1.0996138769531252,True,2024-07-19
2024-06-26,125.0,88.12,90.55,93.65,0.0,0.0,2.0,492,1.189457177734375,True,2024-07-19
2024-07-01,130.0,86.12,86.15,87.5,2.630005,3.1500838,21.0,327,0.90429783203125,True,2024-07-19
2024-07-01,135.0,81.06,80.6,82.55,1.5599976,1.9622611,1.0,55,1.2021524267578125,True,2024-07-19
2024-06-28,140.0,73.74,75.7,78.6,0.0,0.0,3.0,201,0.992187578125,True,2024-07-19
2024-07-01,145.0,72.35,71.3,72.55,5.5499954,8.308375,418.0,947,0.8125018749999999,True,2024-07-19
2024-07-01,150.0,65.84,66.4,67.6,2.0999947,3.294626,85.0,923,0.7919942675781251,True,2024-07-19
2024-07-01,155.0,58.0,61.2,62.6,-1.75,-2.9288702,4.0,405,0.676761044921875,True,2024-07-19
2024-07-01,160.0,57.72,56.25,57.65,6.130001,11.88215,31.0,715,0.64648791015625,True,2024-07-19
2024-07-01,165.0,51.32,51.75,52.65,2.2599983,4.6066008,200.0,3947,0.6757844921875001,True,2024-07-19
2024-07-01,170.0,46.65,46.8,47.7,2.1500015,4.8314643,36.0,16443,0.6259803027343751,True,2024-07-19
2024-07-01,175.0,42.6,41.8,42.7,6.1899986,17.00082,88.0,19888,0.5634809277343751,True,2024-07-19
2024-07-01,180.0,37.02,36.9,37.7,5.3900013,17.040789,222.0,34346,0.5122119091796875,True,2024-07-19
2024-07-01,185.0,32.56,31.9,33.0,5.130001,18.702156,320.0,23082,0.5515181567382813,True,2024-07-19
2024-07-01,187.5,28.99,28.5,30.3,2.4400005,9.190209,96.0,5,0.49219257812500006,True,2024-07-19
2024-07-01,190.0,27.69,27.0,27.75,5.8999996,27.076637,2410.0,49028,0.45215391601562505,True,2024-07-19
2024-07-01,192.5,24.5,23.9,25.35,2.2700005,10.211429,135.0,45,0.42969320312500003,True,2024-07-19
2024-07-01,195.0,22.75,22.05,23.0,5.540001,32.190598,815.0,27352,0.41089456298828125,True,2024-07-19
2024-07-01,197.5,18.86,19.15,20.9,2.3600006,14.303034,3.0,57,0.41174904663085937,True,2024-07-19
2024-07-01,200.0,17.6,17.2,17.8,5.5,45.454544,893.0,30576,0.32092964233398436,True,2024-07-19
2024-07-01,202.5,14.73,14.4,16.0,4.6799994,46.567158,26.0,758,0.3435124243164062,True,2024-07-19
2024-07-01,205.0,12.65,12.65,13.1,4.6499996,58.124996,1825.0,24888,0.274421318359375,True,2024-07-19
2024-07-01,207.5,10.75,10.6,10.9,4.43,70.09493,130.0,3283,0.25708750732421876,True,2024-07-19
2024-07-01,210.0,8.67,8.6,8.8,3.9700003,84.468094,3783.0,26593,0.24036404174804685,True,2024-07-19
2024-07-01,212.5,6.87,6.75,6.9,3.4099998,98.55491,2818.0,2655,0.22815713256835937,True,2024-07-19
2024-07-01,215.0,5.25,5.1,5.3,2.75,110.0,21018.0,35027,0.22235885070800776,True,2024-07-19
2024-07-01,217.5,3.86,3.85,3.95,2.09,118.07909,6332.0,2987,0.21826953613281247,False,2024-07-19
2024-07-01,220.0,2.75,2.75,2.85,1.55,129.16666,23592.0,43586,0.2153398779296875,False,2024-07-19
2024-07-01,222.5,1.98,1.92,2.0,1.11,127.586205,5274.0,2394,0.21375297973632812,False,2024-07-19
2024-07-01,225.0,1.31,1.31,1.37,0.71999997,122.033905,9069.0,35998,0.2135088415527344,False,2024-07-19
2024-07-01,227.5,0.9,0.81,0.96,0.46999997,109.302315,2773.0,1063,0.2172929833984375,False,2024-07-19
2024-07-01,230.0,0.6,0.56,0.6,0.29000002,93.54839,5865.0,26026,0.21472953247070312,False,2024-07-19
2024-07-01,232.5,0.4,0.37,0.41,0.16000001,66.66668,779.0,5633,0.2192460888671875,False,2024-07-19
2024-07-01,235.0,0.28,0.25,0.28,0.099999994,55.55555,1687.0,25078,0.22412885253906245,False,2024-07-19
2024-07-01,240.0,0.14,0.11,0.13,0.010000005,7.692312,1512.0,11265,0.233406103515625,False,2024-07-19
2024-07-01,245.0,0.07,0.05,0.07,-0.030000001,-30.0,224.0,11047,0.24805439453125,False,2024-07-19
2024-07-01,250.0,0.04,0.04,0.05,-0.030000001,-42.857143,1322.0,17668,0.2695385546875,False,2024-07-19
2024-07-01,255.0,0.03,0.02,0.05,-0.020000001,-40.000004,11.0,3319,0.30274134765625,False,2024-07-19
2024-07-01,260.0,0.02,0.02,0.03,-0.030000001,-60.0,702.0,16268,0.31445998046874996,False,2024-07-19
2024-07-01,265.0,0.02,0.0,0.07,-0.030000001,-60.0,15.0,1478,0.3789124609375,False,2024-07-19
2024-07-01,270.0,0.02,0.0,0.06,-0.01,-33.333336,275.0,1261,0.40039662109375,False,2024-07-19
2024-07-01,275.0,0.03,0.0,0.08,0.0,0.0,2.0,839,0.445318046875,False,2024-07-19
2024-07-01,280.0,0.01,0.01,0.05,-0.02,-66.66667,1517.0,3055,0.44922425781249997,False,2024-07-19
2024-07-01,285.0,0.02,0.0,0.06,0.0,0.0,19.0,2043,0.48438015625,False,2024-07-19
2024-07-01,290.0,0.01,0.0,0.05,0.0,0.0,33.0,1434,0.5019581054687501,False,2024-07-19
2024-07-01,295.0,0.02,0.0,0.02,0.0,0.0,1.0,2015,0.4804739453125,False,2024-07-19
2024-07-01,300.0,0.01,0.0,0.02,0.0,0.0,19.0,5497,0.5039112109375,False,2024-07-19
2024-07-01,100.0,112.8,116.3,117.6,-1.0699997,-0.93966776,5.0,15,1.2773473632812498,True,2024-07-26
2024-06-26,130.0,83.92,85.8,87.7,0.0,0.0,2.0,2,1.1347699511718752,True,2024-07-26
2024-07-01,140.0,78.02,75.85,77.75,2.5,3.3103814,1.0,5,0.64062859375,True,2024-07-26
2024-06-26,150.0,64.25,65.9,67.8,0.0,0.0,1.0,105,0.594730615234375,True,2024-07-26
2024-07-01,155.0,62.7,61.0,62.85,2.9500008,4.9372396,1.0,894,0.5908244042968751,True,2024-07-26
2024-06-21,160.0,51.38,55.95,57.85,0.0,0.0,1.0,140,0.5293015820312501,True,2024-07-26
2024-06-24,165.0,49.34,50.9,52.95,1.2900009,2.6847055,1.0,10,0.709963837890625,True,2024-07-26
2024-06-28,170.0,41.71,46.15,47.95,0.0,0.0,2.0,59,0.6477086010742188,True,2024-07-26
2024-06-28,175.0,39.63,40.95,43.0,0.0,0.0,1.0,142,0.5925333715820313,True,2024-07-26
2024-07-01,180.0,37.85,36.15,38.05,4.199997,12.481417,27.0,111,0.537236072998047,True,2024-07-26
2024-07-01,185.0,32.56,31.55,33.1,3.0300007,10.260754,19.0,121,0.4815725671386719,True,2024-07-26
2024-07-01,190.0,27.35,26.85,28.2,2.92,11.9525175,24.0,413,0.42969320312500003,True,2024-07-26
2024-07-01,195.0,22.13,21.95,23.3,5.129999,30.176468,11.0,752,0.375982802734375,True,2024-07-26
2024-07-01,200.0,18.0,17.65,18.4,3.6499996,25.435537,77.0,2858,0.3197089514160155,True,2024-07-26
2024-07-01,205.0,13.65,13.3,13.6,4.6499996,51.666664,1190.0,1440,0.2661206201171875,True,2024-07-26
2024-07-01,210.0,9.56,9.3,9.5,4.0600004,73.818184,1458.0,2972,0.2410354217529297,True,2024-07-26
2024-07-01,215.0,6.1,5.9,6.1,2.9099998,91.22257,3373.0,6051,0.22528850891113278,True,2024-07-26
2024-07-01,220.0,3.6,3.45,3.6,1.8999999,111.764694,11944.0,15222,0.2176591906738281,False,2024-07-26
2024-07-01,225.0,1.94,1.87,1.96,1.01,108.60214,3288.0,4453,0.21472953247070312,False,2024-07-26
2024-07-01,230.0,0.96,0.95,1.02,0.39999998,71.428566,4496.0,6699,0.21643849975585935,False,2024-07-26
2024-07-01,235.0,0.53,0.5,0.54,0.18999997,55.88234,1689.0,4472,0.2230302307128906,False,2024-07-26
2024-07-01,240.0,0.29,0.28,0.3,0.059999987,26.08695,4497.0,4954,0.2329178271484375,False,2024-07-26
2024-07-01,245.0,0.21,0.16,0.2,0.059999987,39.99999,157.0,955,0.2500075,False,2024-07-26
2024-07-01,250.0,0.12,0.07,0.12,0.009999998,9.090907,587.0,1832,0.260749580078125,False,2024-07-26
2024-07-01,255.0,0.09,0.05,0.08,-0.009999998,-9.999997,104.0,372,0.274421318359375,False,2024-07-26
2024-07-01,260.0,0.06,0.05,0.08,-0.05,-45.454544,21.0,1895,0.30274134765625,False,2024-07-26
2024-07-01,265.0,0.1,0.03,0.12,0.020000003,25.000004,120.0,287,0.34766277343749996,False,2024-07-26
2024-07-01,270.0,0.01,0.0,0.11,-0.060000002,-85.71429,1.0,79,0.370123486328125,False,2024-07-26
2024-07-01,275.0,0.03,0.0,0.05,-0.020000001,-40.000004,3.0,45,0.35938140625,False,2024-07-26
2024-06-28,280.0,0.02,0.0,0.09,0.0,0.0,13.0,38,0.411138701171875,False,2024-07-26
2024-07-01,285.0,0.02,0.01,0.04,0.0,0.0,105.0,469,0.39649041015625003,False,2024-07-26
2024-07-01,115.0,100.06,100.9,102.85,2.909996,2.995364,4.0,4,0.8886729882812499,True,2024-08-02
2024-06-28,160.0,55.2,56.4,58.15,0.0,0.0,2.0,3,0.5776409423828125,True,2024-08-02
2024-06-28,165.0,49.46,51.3,53.2,0.0,0.0,2.0,1,0.5229539892578124,True,2024-08-02
2024-07-01,175.0,42.58,41.05,43.35,2.5800018,6.4500046,10.0,28,0.5612836840820312,True,2024-08-02
2024-07-01,180.0,38.24,36.25,38.4,3.1100006,8.852834,15.0,21,0.5092822509765625,True,2024-08-02
2024-07-01,185.0,32.5,32.4,33.5,4.99,18.138857,17.0,169,0.4611870288085938,True,2024-08-02
2024-07-01,190.0,26.88,27.35,28.8,1.3599987,5.329149,11.0,163,0.4260311303710938,True,2024-08-02
2024-07-01,195.0,22.65,23.0,23.8,4.449999,24.450542,14.0,9020,0.3673158972167969,True,2024-08-02
2024-07-01,200.0,19.0,18.8,19.05,5.1000004,36.69065,156.0,8720,0.32227240234374993,True,2024-08-02
2024-07-01,205.0,14.31,14.55,14.9,3.8100004,36.285717,84.0,465,0.3016427258300781,True,2024-08-02
2024-07-01,210.0,11.05,10.85,11.15,3.8000002,52.413795,1890.0,1785,0.2845530529785155,True,2024-08-02
2024-07-01,215.0,8.1,7.8,8.0,3.2100005,65.64419,1084.0,2644,0.27387200744628903,True,2024-08-02
2024-07-01,220.0,5.5,5.35,5.5,2.25,69.23077,2238.0,3519,0.26746338012695314,False,2024-08-02
2024-07-01,225.0,3.6,3.5,3.65,1.4599998,68.22429,1181.0,1926,0.26489992919921873,False,2024-08-02
2024-07-01,230.0,2.36,2.25,2.36,1.0299999,77.443596,1908.0,18298,0.2652661364746094,False,2024-08-02
2024-07-01,235.0,1.5,1.38,1.49,0.6,66.66667,1445.0,884,0.26709717285156254,False,2024-08-02
2024-07-01,240.0,0.95,0.88,0.95,0.33999997,55.737698,443.0,1159,0.2718578674316406,False,2024-08-02
2024-07-01,245.0,0.62,0.54,0.65,0.15,31.914896,234.0,411,0.282233740234375,False,2024-08-02
2024-07-01,250.0,0.45,0.39,0.45,0.13,40.625,852.0,1229,0.2924875439453124,False,2024-08-02
2024-07-01,255.0,0.28,0.27,0.31,0.030000001,12.0,44.0,200,0.30152065673828127,False,2024-08-02
2024-07-01,260.0,0.19,0.18,0.23,-0.040000007,-17.391306,109.0,681,0.3139717041015625,False,2024-08-02
2024-07-01,265.0,0.15,0.12,0.2,-0.06999999,-31.818178,26.0,221,0.33301448242187504,False,2024-08-02
2024-07-01,270.0,0.16,0.08,0.17,0.00999999,6.66666,14.0,173,0.34961587890624996,False,2024-08-02
2024-07-01,275.0,0.1,0.04,0.15,-0.019999996,-16.666662,14.0,145,0.367193828125,False,2024-08-02
2024-06-27,280.0,0.09,0.02,0.17,0.0,0.0,1.0,14,0.397466962890625,False,2024-08-02
2024-07-01,285.0,0.05,0.01,0.15,-0.029999997,-37.499996,58.0,37,0.41309180664062495,False,2024-08-02
2024-06-28,180.0,32.92,37.45,38.9,0.0,0.0,2.0,2,0.5004932763671875,True,2024-08-09
2024-06-28,185.0,29.75,32.75,33.9,0.0,0.0,2.0,2,0.4467828759765625,True,2024-08-09
2024-07-01,190.0,27.0,27.95,29.15,0.13999939,0.52121884,62.0,1,0.40845318115234375,True,2024-08-09
2024-07-01,195.0,23.83,23.3,24.2,3.3700008,16.471169,1.0,7,0.35632967895507806,True,2024-08-09
2024-07-01,200.0,18.92,19.1,20.2,2.3199997,13.975902,1.0,10,0.348639326171875,True,2024-08-09
2024-07-01,205.0,15.08,14.6,15.85,0.97000027,6.8745594,17.0,22,0.31427687683105465,True,2024-08-09
2024-07-01,210.0,11.29,11.35,12.15,3.54,45.677418,34.0,107,0.29621065124511714,True,2024-08-09
2024-07-01,215.0,8.7,7.9,8.85,3.1,55.357143,694.0,597,0.2786937365722656,True,2024-08-09
2024-07-01,220.0,5.85,5.75,6.15,1.7999997,44.444435,644.0,584,0.26587648193359376,False,2024-08-09
2024-07-01,225.0,4.15,3.5,4.3,1.6500001,66.00001,197.0,31,0.2652661364746094,False,2024-08-09
2024-07-01,230.0,2.78,2.48,2.95,0.78,39.0,260.0,29,0.266608896484375,False,2024-08-09
2024-07-01,235.0,1.75,1.59,1.95,0.36,25.89928,140.0,12,0.26697510375976563,False,2024-08-09
2024-07-01,240.0,1.19,0.96,1.32,0.22000003,22.680416,103.0,15,0.2718578674316406,False,2024-08-09
2024-07-01,245.0,0.83,0.69,0.92,0.06999999,9.2105255,174.0,60,0.27930408203124996,False,2024-08-09
2024-07-01,250.0,0.64,0.33,0.65,0.16,33.333336,166.0,7,0.2876047802734374,False,2024-08-09
2024-07-01,255.0,0.51,0.13,0.52,0.120000005,30.769232,7.0,32,0.30274134765625,False,2024-08-09
2024-06-28,270.0,0.23,0.03,0.46,0.0,0.0,2.0,2,0.37476211181640623,False,2024-08-09
2024-06-25,5.0,205.41,210.05,213.35,0.0,0.0,1.0,2,7.308594614257812,True,2024-08-16
2024-06-13,50.0,164.65,165.85,168.5,0.0,0.0,10.0,15,1.9306644091796876,True,2024-08-16
2024-06-11,80.0,123.74,135.7,138.7,0.0,0.0,50.0,65,1.3481477905273436,True,2024-08-16
2024-06-10,85.0,111.38,130.6,133.9,0.0,0.0,10.0,42,1.29297228515625,True,2024-08-16
2024-07-01,90.0,127.2,125.75,127.75,2.4899979,1.9966304,2.0,20,1.3730500097656249,True,2024-08-16
2024-06-21,95.0,113.8,120.65,123.95,0.0,0.0,4.0,13,1.1689494677734376,True,2024-08-16
2024-07-01,100.0,117.7,116.1,118.85,6.5099945,5.854838,6.0,88,1.1552776611328124,True,2024-08-16
2024-05-02,105.0,67.45,86.55,90.2,0.0,0.0,1.0,8,1.0000000000000003e-05,True,2024-08-16
2024-06-28,110.0,104.77,105.9,108.9,0.0,0.0,1.0,375,1.0078174609375,True,2024-08-16
2024-06-12,115.0,105.3,101.2,104.1,0.0,0.0,17.0,30,1.0063526245117185,True,2024-08-16
2024-07-01,120.0,96.47,96.45,97.9,5.1200027,5.6048193,16.0,67,0.831056376953125,True,2024-08-16
2024-06-14,125.0,89.9,91.25,94.15,0.0,0.0,1.0,27,0.8994150683593749,True,2024-08-16
2024-06-26,130.0,85.15,86.05,89.05,0.0,0.0,5.0,329,0.8164080859374999,True,2024-08-16
2024-07-01,135.0,79.17,81.7,83.05,-0.80000305,-1.000379,37.0,199,0.7299831689453125,True,2024-08-16
2024-07-01,140.0,77.25,76.8,78.05,3.699997,5.030587,131.0,382,0.6909210595703126,True,2024-08-16
2024-07-01,145.0,71.88,71.75,73.1,2.3299942,3.3500993,59.0,487,0.6435582519531251,True,2024-08-16
2024-07-01,150.0,67.97,66.9,68.15,4.470001,7.039372,483.0,616,0.6135292553710938,True,2024-08-16
2024-07-01,155.0,61.99,61.5,63.25,2.3300018,3.9054673,4.0,278,0.543949873046875,True,2024-08-16
2024-07-01,160.0,57.07,57.05,58.3,5.119999,9.855628,3.0,976,0.5424850439453126,True,2024-08-16
2024-07-01,165.0,51.38,52.05,53.35,1.2000008,2.3913925,3.0,767,0.5002491381835938,True,2024-08-16
2024-07-01,170.0,47.2,47.5,48.4,1.6000023,3.5087771,37.0,2659,0.5224657128906249,True,2024-08-16
2024-07-01,175.0,42.25,42.6,43.45,5.0099983,13.453271,20.0,5854,0.47827670166015623,True,2024-08-16
2024-07-01,180.0,37.75,37.75,38.6,5.3600006,16.548319,55.0,8499,0.44116769775390624,True,2024-08-16
2024-07-01,185.0,33.56,32.9,33.7,5.550001,19.814356,58.0,12833,0.39954213745117195,True,2024-08-16
2024-07-01,190.0,28.81,28.2,28.95,5.3099995,22.595741,221.0,24459,0.3656069299316406,True,2024-08-16
2024-07-01,195.0,23.36,23.7,24.25,4.3100014,22.62468,214.0,25882,0.3311834460449219,True,2024-08-16
2024-07-01,200.0,19.7,19.55,19.75,4.800001,32.214775,1303.0,32870,0.3020089331054688,True,2024-08-16
2024-07-01,205.0,15.73,15.5,15.75,4.4299994,39.203533,1216.0,16091,0.2860789166259765,True,2024-08-16
2024-07-01,210.0,12.0,11.95,12.1,3.83,46.878826,2432.0,38739,0.27149166015625,True,2024-08-16
2024-07-01,215.0,9.01,8.85,9.0,3.2600002,56.695656,11594.0,36135,0.26197027099609377,True,2024-08-16
2024-07-01,220.0,6.55,6.35,6.5,2.5500002,63.750004,10728.0,33514,0.25659923095703124,False,2024-08-16
2024-07-01,225.0,4.55,4.45,4.6,1.7600002,63.08245,5468.0,19505,0.2550733673095704,False,2024-08-16
2024-07-01,230.0,3.1,3.0,3.1,1.3399999,76.13635,3836.0,38317,0.2518385363769531,False,2024-08-16
2024-07-01,235.0,2.11,2.04,2.14,0.8499999,67.46031,1373.0,9912,0.2551344018554688,False,2024-08-16
2024-07-01,240.0,1.44,1.37,1.44,0.56000006,63.63637,4354.0,20396,0.25757578369140627,False,2024-08-16
2024-07-01,245.0,1.0,0.93,1.0,0.38,61.29032,1210.0,12244,0.26343510009765625,False,2024-08-16
2024-07-01,250.0,0.69,0.66,0.7,0.22,46.80851,6134.0,12097,0.26978269287109374,False,2024-08-16
2024-07-01,255.0,0.5,0.46,0.51,0.13,35.135136,1250.0,611,0.27808339111328123,False,2024-08-16
2024-07-01,260.0,0.35,0.35,0.38,0.049999982,16.66666,2576.0,7327,0.28711650390624993,False,2024-08-16
2024-07-01,265.0,0.24,0.25,0.28,-0.010000005,-4.000002,48.0,206,0.29492892578124996,False,2024-08-16
2024-07-01,270.0,0.2,0.2,0.22,-0.00999999,-4.7619004,343.0,1736,0.30493859130859374,False,2024-08-16
2024-07-01,275.0,0.16,0.15,0.18,-0.030000001,-15.789474,6.0,145,0.31641308593749995,False,2024-08-16
2024-07-01,280.0,0.14,0.12,0.15,0.0,0.0,98.0,2761,0.3276434423828125,False,2024-08-16
2024-07-01,285.0,0.08,0.1,0.12,-0.030000001,-27.272728,1.0,110,0.335944140625,False,2024-08-16
2024-07-01,290.0,0.08,0.08,0.11,-0.020000003,-20.000002,24.0,2753,0.3505924316406249,False,2024-08-16
2024-07-01,295.0,0.07,0.06,0.09,-0.030000001,-30.0,4.0,608,0.358404853515625,False,2024-08-16
2024-07-01,300.0,0.06,0.05,0.07,0.0,0.0,94.0,1782,0.36426416992187505,False,2024-08-16
2024-07-01,305.0,0.06,0.04,0.06,0.0,0.0,6.0,17,0.37402969726562496,False,2024-08-16
2024-07-01,310.0,0.05,0.03,0.06,0.0,0.0,19.0,868,0.389654541015625,False,2024-08-16
2024-06-28,315.0,0.05,0.03,0.05,0.0,0.0,1.0,51,0.39649041015625003,False,2024-08-16
2024-07-01,320.0,0.04,0.02,0.05,0.0,0.0,27.0,1985,0.41211525390625,False,2024-08-16
2024-06-28,330.0,0.03,0.02,0.04,0.0,0.0,25.0,1320,0.42969320312500003,False,2024-08-16
2024-07-01,340.0,0.02,0.02,0.05,0.0,0.0,136.0,3343,0.46680220703125,False,2024-08-16
2024-07-01,350.0,0.02,0.0,0.04,-0.01,-33.333336,201.0,748,0.48242705078125003,False,2024-08-16
2024-07-01,360.0,0.02,0.0,0.02,0.0,0.0,3.0,619,0.476567734375,False,2024-08-16
2024-07-01,370.0,0.01,0.0,0.02,-0.01,-50.0,103.0,3470,0.500005,False,2024-08-16
2024-06-14,5.0,208.94,210.1,213.35,0.0,0.0,3.0,4,5.533206208496093,True,2024-09-20
2024-05-03,10.0,175.16,180.5,184.15,0.0,0.0,11.0,0,1.0000000000000003e-05,True,2024-09-20
2024-02-26,15.0,166.23,157.55,158.95,0.0,0.0,1.0,2,1.0000000000000003e-05,True,2024-09-20
2024-03-22,20.0,152.13,144.0,146.25,0.0,0.0,1.0,5,1.0000000000000003e-05,True,2024-09-20
2024-04-01,25.0,144.84,145.05,147.25,0.0,0.0,1.0,2,1.0000000000000003e-05,True,2024-09-20
2024-05-03,30.0,154.79,160.7,164.35,0.0,0.0,10.0,235,1.0000000000000003e-05,True,2024-09-20
2024-05-08,35.0,147.99,162.05,162.65,0.0,0.0,1.0,789,1.0000000000000003e-05,True,2024-09-20
2024-05-08,40.0,142.89,157.15,157.7,0.0,0.0,1.0,257,1.0000000000000003e-05,True,2024-09-20
2024-05-03,45.0,140.24,146.0,149.6,0.0,0.0,1.0,11,1.0000000000000003e-05,True,2024-09-20
2024-07-01,50.0,167.34,166.6,167.6,2.9100037,1.7697524,2.0,1414,1.4209013330078126,True,2024-09-20
2024-05-09,55.0,130.07,142.4,142.95,0.0,0.0,49.0,598,1.0000000000000003e-05,True,2024-09-20
2024-06-18,60.0,154.72,156.45,157.75,0.0,0.0,1.0,639,1.2500037499999999,True,2024-09-20
2024-05-09,65.0,120.55,132.55,133.1,0.0,0.0,5.0,226,1.0000000000000003e-05,True,2024-09-20
2024-06-12,70.0,150.69,146.2,147.9,0.0,0.0,2.0,309,1.0830123974609376,True,2024-09-20
2024-05-09,75.0,110.41,122.75,123.3,0.0,0.0,6.0,41,1.0000000000000003e-05,True,2024-09-20
2024-06-13,80.0,134.72,136.3,139.0,0.0,0.0,1.0,195,1.1435589697265625,True,2024-09-20
2024-06-20,85.0,125.95,130.95,133.1,0.0,0.0,6.0,33,0.8955088574218748,True,2024-09-20
2024-06-24,90.0,122.47,126.4,129.15,0.0,0.0,1.0,88,1.0439500927734378,True,2024-09-20
2024-05-10,95.0,90.46,103.05,103.6,0.0,0.0,1.0,86,1.0000000000000003e-05,True,2024-09-20
2024-06-20,100.0,111.76,117.3,118.25,0.0,0.0,5.0,1945,0.9309088940429688,True,2024-09-20
2024-06-21,105.0,107.33,112.05,113.35,0.0,0.0,1.0,724,0.8659681372070311,True,2024-09-20
2024-06-21,110.0,101.35,106.45,109.45,0.0,0.0,1.0,503,0.8544936425781251,True,2024-09-20
2024-06-24,115.0,99.0,101.7,104.65,0.0,0.0,1.0,419,0.8344743115234373,True,2024-09-20
2024-06-24,120.0,94.81,97.3,98.55,1.8399963,1.9791291,1.0,684,0.7551294018554688,True,2024-09-20
2024-06-24,125.0,85.63,91.55,94.75,0.0,0.0,4.0,454,0.7368190380859375,True,2024-09-20
2024-06-28,130.0,84.64,87.45,88.7,0.0,0.0,1.0,544,0.6838410522460938,True,2024-09-20
2024-07-01,135.0,81.98,82.5,83.75,1.9800034,2.4750042,4.0,350,0.64648791015625,True,2024-09-20
2024-06-28,140.0,77.4,77.9,78.85,1.3199997,1.7350153,4.0,1828,0.6281775463867189,True,2024-09-20
2024-06-28,145.0,68.02,72.6,73.95,0.0,0.0,1.0,1076,0.5780071496582031,True,2024-09-20
2024-07-01,150.0,66.35,68.05,69.2,0.5699997,0.86652434,2.0,3036,0.5659223095703125,True,2024-09-20
2024-07-01,155.0,63.7,63.1,64.1,2.2000008,3.5772371,5.0,1880,0.5236864038085938,True,2024-09-20
2024-07-01,160.0,58.67,58.25,59.2,2.539997,4.525204,2.0,3022,0.5228319201660157,True,2024-09-20
2024-07-01,165.0,54.65,53.35,54.35,2.5,4.793864,20.0,1652,0.4907277490234375,True,2024-09-20
2024-07-01,170.0,48.25,48.6,49.45,2.0600014,4.4598427,8.0,6026,0.455632885131836,True,2024-09-20
2024-07-01,175.0,44.46,43.8,44.6,3.459999,8.439022,13.0,13703,0.422857333984375,True,2024-09-20
2024-07-01,180.0,39.35,39.05,39.8,3.199997,8.851996,9.0,17434,0.3918517846679687,True,2024-09-20
2024-07-01,185.0,34.3,34.45,35.15,2.5900002,8.16777,201.0,15394,0.36591210266113283,True,2024-09-20
2024-07-01,190.0,30.05,29.9,30.45,4.8499985,19.246025,62.0,20077,0.3360662097167969,True,2024-09-20
2024-07-01,195.0,25.47,25.7,25.95,4.369999,20.710894,319.0,21735,0.31098101135253897,True,2024-09-20
2024-07-01,200.0,21.65,21.6,21.75,4.51,26.312721,602.0,37995,0.29175512939453113,True,2024-09-20
2024-07-01,205.0,17.65,17.75,17.95,4.25,31.71642,1282.0,18536,0.27857166748046874,True,2024-09-20
2024-07-01,210.0,14.35,14.25,14.5,3.6100006,33.61267,1128.0,24013,0.26758544921875,True,2024-09-20
2024-07-01,215.0,11.4,11.2,11.35,3.4799995,43.939384,1251.0,20289,0.256141471862793,True,2024-09-20
2024-07-01,220.0,8.71,8.65,8.8,2.81,47.627117,12201.0,52983,0.25061784545898436,False,2024-09-20
2024-07-01,225.0,6.75,6.5,6.65,2.4499998,56.976738,2141.0,28760,0.24555197814941404,False,2024-09-20
2024-07-01,230.0,4.95,4.85,4.95,1.7499998,54.68749,3771.0,32062,0.24262231994628902,False,2024-09-20
2024-07-01,235.0,3.6,3.5,3.65,1.02,39.534885,1188.0,8683,0.2415236981201172,False,2024-09-20
2024-07-01,240.0,2.65,2.58,2.68,1.0600001,66.66667,889.0,14121,0.24195093994140626,False,2024-09-20
2024-07-01,245.0,1.9,1.87,1.96,0.6999999,58.333324,635.0,16318,0.24323266540527344,False,2024-09-20
2024-07-01,250.0,1.44,1.38,1.45,0.52000004,56.521744,2478.0,17618,0.2461012890625,False,2024-09-20
2024-07-01,255.0,1.08,1.03,1.09,0.36,49.999996,835.0,3148,0.25025163818359375,False,2024-09-20
2024-07-01,260.0,0.79,0.8,0.84,0.23000002,41.07143,123.0,5301,0.2556226782226563,False,2024-09-20
2024-07-01,265.0,0.63,0.6,0.66,0.060000002,10.526316,15.0,549,0.2618482019042969,False,2024-09-20
2024-07-01,270.0,0.48,0.48,0.52,0.01999998,4.3478217,56.0,1726,0.26782958740234375,False,2024-09-20
2024-07-01,280.0,0.33,0.32,0.35,0.07000002,26.923086,185.0,11509,0.282233740234375,False,2024-09-20
2024-07-01,290.0,0.21,0.22,0.25,0.019999996,10.526314,23.0,1548,0.2973703076171874,False,2024-09-20
2024-07-01,300.0,0.17,0.13,0.2,0.019999996,13.333329,71.0,5652,0.3154365332031249,False,2024-09-20
2024-07-01,310.0,0.14,0.1,0.16,0.030000001,27.272728,44.0,8193,0.3320379296875,False,2024-09-20
2024-06-24,5.0,203.81,209.8,212.25,0.0,0.0,6.0,6,3.621094697265625,True,2024-10-18
2024-04-29,50.0,125.46,140.3,142.3,0.0,0.0,2.0,2,1.0000000000000003e-05,True,2024-10-18
2024-05-29,60.0,132.39,155.75,156.65,0.0,0.0,1.0,2,1.0000000000000003e-05,True,2024-10-18
2024-05-09,85.0,101.01,113.25,113.85,0.0,0.0,1.0,16,1.0000000000000003e-05,True,2024-10-18
2024-06-11,90.0,116.15,127.7,129.8,0.0,0.0,1.0,9,1.0316210528564456,True,2024-10-18
2024-07-01,100.0,118.95,116.55,120.0,4.5199966,3.95001,1.0,46,0.8693860717773438,True,2024-10-18
2024-06-24,105.0,105.84,112.1,115.25,0.0,0.0,1.0,13,0.8635267553710937,True,2024-10-18
2024-05-07,110.0,74.92,86.3,87.9,0.0,0.0,16.0,9,1.0000000000000003e-05,True,2024-10-18
2024-06-05,115.0,82.98,102.3,105.0,0.0,0.0,1.0,34,0.7672142419433594,True,2024-10-18
2024-06-26,120.0,95.37,97.3,100.1,1.8199997,1.9454833,1.0,117,0.727541787109375,True,2024-10-18
2024-06-20,125.0,87.36,91.85,95.2,0.0,0.0,3.0,147,0.6704134521484376,True,2024-10-18
2024-06-18,130.0,86.65,87.6,89.3,0.0,0.0,1.0,510,0.624027197265625,True,2024-10-18
2024-06-03,135.0,61.95,82.7,85.4,0.0,0.0,8.0,58,0.629886513671875,True,2024-10-18
2024-06-28,140.0,75.5,77.75,79.55,0.0,0.0,2.0,180,0.5629926513671876,True,2024-10-18
2024-06-27,145.0,71.65,72.9,76.0,0.0,0.0,1.0,121,0.5764202514648438,True,2024-10-18
2024-06-28,150.0,68.8,67.5,71.05,1.2600021,1.8655642,1.0,300,0.5282029602050782,True,2024-10-18
2024-06-26,155.0,62.68,62.5,64.9,0.0,0.0,1.0,391,0.5238084729003907,True,2024-10-18
2024-07-01,160.0,59.27,57.8,60.05,2.1599998,3.7821743,8.0,227,0.4931691308593751,True,2024-10-18
2024-06-28,165.0,52.13,54.15,55.2,0.0,0.0,10.0,587,0.46246875427246104,True,2024-10-18
2024-07-01,170.0,49.1,49.45,50.4,1.75,3.6958818,5.0,1924,0.4337214831542969,True,2024-10-18
2024-07-01,175.0,43.58,44.7,45.65,1.7300034,4.1338196,1.0,2361,0.4063780065917969,True,2024-10-18
2024-07-01,180.0,40.22,40.1,40.8,3.0200005,8.118281,17.0,4109,0.37476211181640623,True,2024-10-18
2024-07-01,185.0,35.99,35.55,36.3,4.4400024,14.072908,10.0,3010,0.3541324353027343,True,2024-10-18
2024-07-01,190.0,31.0,31.3,31.75,4.3999996,16.541351,31.0,6067,0.3297796514892578,True,2024-10-18
2024-07-01,195.0,26.65,27.1,27.4,3.25,13.888889,65.0,3300,0.30884480224609373,True,2024-10-18
2024-07-01,200.0,23.45,23.1,23.4,2.8600006,13.890241,123.0,8486,0.29383030395507803,True,2024-10-18
2024-07-01,205.0,18.75,19.35,19.65,2.75,17.1875,50.0,8081,0.2803416693115234,True,2024-10-18
2024-07-01,210.0,16.2,15.95,16.25,3.7000008,29.600004,713.0,7607,0.2695690719604492,True,2024-10-18
2024-07-01,215.0,13.05,12.9,13.15,3.1999998,32.487305,588.0,10086,0.259345785522461,True,2024-10-18
2024-07-01,220.0,10.45,10.3,10.5,2.9199996,38.778214,2135.0,18195,0.25220474365234374,False,2024-10-18
2024-07-01,225.0,8.2,8.15,8.3,2.2999997,38.983044,505.0,5366,0.2477492218017578,False,2024-10-18
2024-07-01,230.0,6.11,6.25,6.45,1.81,42.09302,929.0,12837,0.24390404541015626,False,2024-10-18
2024-07-01,235.0,4.94,4.8,4.95,1.44,41.142857,1001.0,17321,0.24115749084472654,False,2024-10-18
2024-07-01,240.0,3.49,3.65,3.8,0.99,39.6,600.0,4544,0.24048611083984373,False,2024-10-18
2024-07-01,245.0,2.95,2.78,2.91,1.0500001,55.26316,104.0,2883,0.24079128356933593,False,2024-10-18
2024-07-01,250.0,2.21,2.13,2.23,0.76,52.41379,436.0,4007,0.2420119744873047,False,2024-10-18
2024-07-01,255.0,1.65,1.64,1.73,0.47000003,39.830513,147.0,1561,0.24451439086914065,False,2024-10-18
2024-07-01,260.0,1.28,1.31,1.35,0.26,25.490196,145.0,2074,0.2475661181640625,False,2024-10-18
2024-07-01,265.0,1.02,1.01,1.07,0.21999997,27.499994,21.0,814,0.2514723291015625,False,2024-10-18
2024-07-01,270.0,0.85,0.8,0.87,0.110000014,14.864867,183.0,741,0.25659923095703124,False,2024-10-18
2024-07-01,275.0,0.7,0.65,0.71,0.07999998,12.903223,14.0,1981,0.2616040637207031,False,2024-10-18
2024-07-01,280.0,0.55,0.54,0.6,0.030000031,5.769237,182.0,1858,0.26807372558593745,False,2024-10-18
2024-06-28,285.0,0.44,0.45,0.5,0.0,0.0,2.0,1060,0.273444765625,False,2024-10-18
2024-06-28,290.0,0.39,0.38,0.43,0.0,0.0,6.0,439,0.2797923583984374,False,2024-10-18
2024-06-27,295.0,0.33,0.32,0.38,0.0,0.0,2.0,584,0.28711650390624993,False,2024-10-18
2024-07-01,300.0,0.29,0.27,0.34,0.01999998,7.4074,19.0,1071,0.29444064941406245,False,2024-10-18
2024-07-01,310.0,0.18,0.2,0.26,-0.049999997,-21.739128,16.0,675,0.3061592822265625,False,2024-10-18
2024-07-01,320.0,0.19,0.15,0.2,0.00999999,5.55555,1.0,203,0.31690136230468746,False,2024-10-18
2024-07-01,330.0,0.13,0.11,0.17,-0.010000005,-7.1428604,14.0,535,0.331061376953125,False,2024-10-18
2024-07-01,340.0,0.09,0.08,0.15,-0.029999994,-24.999994,10.0,370,0.3452213916015625,False,2024-10-18
2024-07-01,350.0,0.08,0.06,0.12,-0.010000005,-11.111116,5.0,367,0.3544986425781249,False,2024-10-18
2024-06-27,360.0,0.07,0.05,0.09,0.0,0.0,5.0,1586,0.36035795898437495,False,2024-10-18
2024-07-01,370.0,0.06,0.03,0.06,0.009999998,19.999994,15.0,1942,0.36133451171875,False,2024-10-18
2024-05-13,5.0,181.82,207.35,210.2,0.0,0.0,10.0,10,1.0000000000000003e-05,True,2024-11-15
2024-06-28,50.0,164.79,166.25,169.35,0.0,0.0,1.0,1,1.3056675341796873,True,2024-11-15
2024-03-08,55.0,115.75,114.9,117.45,0.0,0.0,2.0,2,1.0000000000000003e-05,True,2024-11-15
2024-04-26,65.0,106.47,126.05,126.95,0.0,0.0,1.0,1,1.0000000000000003e-05,True,2024-11-15
2024-05-20,70.0,123.44,145.1,147.55,0.0,0.0,4.0,2,0.9707034179687499,True,2024-11-15
2024-06-13,80.0,135.46,137.8,140.0,0.0,0.0,1.0,7,1.0476121838378907,True,2024-11-15
2024-06-06,95.0,102.91,123.1,125.4,0.0,0.0,1.0,7,0.916138533935547,True,2024-11-15
2024-06-28,100.0,117.03,118.2,120.15,0.0,0.0,1.0,13,0.8601088208007812,True,2024-11-15
2024-05-07,105.0,81.3,0.0,0.0,0.0,0.0,1.0,2,1.0000000000000003e-05,True,2024-11-15
2024-06-17,115.0,103.4,102.65,104.5,0.0,0.0,2.0,39,0.6787141503906251,True,2024-11-15
2024-06-13,120.0,96.51,98.65,100.6,0.0,0.0,1.0,8,0.7142362561035156,True,2024-11-15
2024-06-21,125.0,88.02,92.45,95.7,0.0,0.0,5.0,48,0.6380651428222657,True,2024-11-15
2024-06-27,130.0,87.78,88.9,89.85,0.0,0.0,6.0,417,0.6191444335937502,True,2024-11-15
2024-07-01,135.0,80.77,83.2,84.95,16.789997,26.242573,37.0,419,0.5638471350097658,True,2024-11-15
2024-07-01,140.0,78.01,79.15,80.1,3.959999,5.3477364,90.0,94,0.5593305786132813,True,2024-11-15
2024-07-01,145.0,71.45,74.3,75.25,2.909996,4.24569,45.0,194,0.5311326184082032,True,2024-11-15
2024-07-01,150.0,68.76,68.75,70.4,-0.73999786,-1.0647451,19.0,289,0.5246019219970703,True,2024-11-15
2024-06-26,155.0,63.37,64.45,65.6,0.0,0.0,1.0,437,0.4974415490722657,True,2024-11-15
2024-06-27,160.0,57.55,59.8,60.75,0.0,0.0,1.0,749,0.46820600158691406,True,2024-11-15
2024-07-01,165.0,55.5,55.05,56.0,2.5800018,4.875287,5.0,848,0.4426325268554688,True,2024-11-15
2024-07-01,170.0,50.55,50.35,51.25,3.5,7.4388947,17.0,1317,0.4166928448486328,True,2024-11-15
2024-06-28,175.0,42.45,45.75,46.6,0.0,0.0,81.0,1356,0.39337764831542965,True,2024-11-15
2024-07-01,180.0,41.45,41.35,42.05,5.1000023,14.030269,144.0,3492,0.37201555725097657,True,2024-11-15
2024-07-01,185.0,37.4,37.1,37.6,3.6500015,10.814819,48.0,2823,0.3519657089233398,True,2024-11-15
2024-07-01,190.0,32.67,32.95,33.25,3.9699974,13.832744,28.0,3806,0.33264827514648443,True,2024-11-15
2024-07-01,195.0,28.53,28.9,29.25,2.33,8.893129,28.0,8561,0.3193122268676757,True,2024-11-15
2024-07-01,200.0,25.2,25.1,25.4,4.220001,20.1144,409.0,11971,0.3060372131347656,True,2024-11-15
2024-07-01,205.0,21.9,21.55,21.85,4.1099987,23.10286,31.0,3977,0.2954172021484375,True,2024-11-15
2024-07-01,210.0,18.4,18.3,18.55,3.7999992,26.027393,173.0,4191,0.285590640258789,True,2024-11-15
2024-07-01,215.0,15.55,15.4,15.6,3.38,27.773212,433.0,4585,0.27802235656738283,True,2024-11-15
2024-07-01,220.0,13.0,12.7,12.95,3.33,34.4364,526.0,12286,0.2712475219726562,False,2024-11-15
2024-07-01,225.0,10.65,10.4,10.65,1.96,22.55466,176.0,5788,0.26605958557128906,False,2024-11-15
2024-07-01,230.0,8.66,8.45,8.65,2.3599997,37.46031,158.0,6028,0.2614514773559571,False,2024-11-15
2024-07-01,235.0,6.85,6.8,7.0,1.8499999,36.999996,63.0,10156,0.25867440551757814,False,2024-11-15
2024-07-01,240.0,5.66,5.45,5.65,1.1599998,25.777775,21.0,7991,0.2572095764160156,False,2024-11-15
2024-07-01,245.0,4.5,4.4,4.55,1.3,40.625,177.0,33281,0.25666026550292964,False,2024-11-15
2024-07-01,250.0,3.62,3.5,3.65,1.1199999,44.799995,210.0,1299,0.25653819641113285,False,2024-11-15
2024-07-01,255.0,2.9,2.79,2.93,0.85000014,41.463425,128.0,10258,0.25708750732421876,False,2024-11-15
2024-07-01,260.0,2.29,2.23,2.36,0.44999993,24.456516,250.0,1798,0.25830819824218754,False,2024-11-15
2024-07-01,265.0,1.89,1.8,1.92,0.53999996,39.999996,18.0,494,0.26050544189453123,False,2024-11-15
2024-07-01,270.0,1.63,1.49,1.57,0.33000004,25.384619,135.0,2559,0.26306889282226564,False,2024-11-15
2024-07-01,275.0,1.3,1.21,1.3,0.30999994,31.313126,218.0,1256,0.26636475830078127,False,2024-11-15
2024-07-01,280.0,1.09,1.01,1.09,0.26000005,31.325308,15.0,758,0.27027096923828126,False,2024-11-15
2024-06-28,285.0,0.82,0.85,0.94,0.06999999,9.333332,1.0,1125,0.2755199401855468,False,2024-11-15
2024-06-27,290.0,0.66,0.71,0.79,0.0,0.0,7.0,901,0.27893787475585935,False,2024-11-15
2024-06-27,295.0,0.58,0.61,0.7,0.0,0.0,5.0,586,0.28504132934570303,False,2024-11-15
2024-07-01,300.0,0.56,0.53,0.59,0.099999994,21.739128,780.0,3565,0.2882151257324218,False,2024-11-15
2024-07-01,310.0,0.47,0.4,0.46,0.08000001,20.512823,148.0,310,0.29834686035156244,False,2024-11-15
2024-06-27,320.0,0.32,0.29,0.38,0.0,0.0,4.0,1266,0.3103096313476562,False,2024-11-15
2024-07-01,330.0,0.24,0.22,0.31,-0.010000005,-4.000002,1.0,680,0.3205634350585937,False,2024-11-15
2024-07-01,340.0,0.22,0.17,0.25,0.0,0.0,6.0,1703,0.32910827148437494,False,2024-11-15
2024-07-01,350.0,0.18,0.13,0.21,0.030000001,20.0,9.0,1334,0.33887379882812496,False,2024-11-15
2024-07-01,360.0,0.13,0.11,0.18,-0.010000005,-7.1428604,2.0,3124,0.348639326171875,False,2024-11-15
2024-07-01,370.0,0.13,0.1,0.15,0.009999998,8.333331,216.0,1859,0.3569400244140625,False,2024-11-15
2024-06-20,50.0,160.7,167.25,169.6,0.0,0.0,1.0,102,1.2756383874511714,True,2024-12-20
2024-03-04,55.0,121.3,115.65,116.8,0.0,0.0,1.0,124,1.0000000000000003e-05,True,2024-12-20
2024-06-20,60.0,150.69,157.5,159.85,0.0,0.0,2.0,105,1.1555218005371093,True,2024-12-20
2024-05-08,65.0,118.7,133.2,133.85,0.0,0.0,40.0,196,1.0000000000000003e-05,True,2024-12-20
2024-06-12,70.0,151.44,146.9,150.15,0.0,0.0,2.0,33,1.007573321533203,True,2024-12-20
2024-05-08,75.0,109.2,123.5,124.15,0.0,0.0,2.0,74,1.0000000000000003e-05,True,2024-12-20
2024-06-27,80.0,135.75,137.4,139.0,0.0,0.0,1.0,757,0.8610853735351562,True,2024-12-20
2024-05-07,85.0,99.84,111.3,112.95,0.0,0.0,5.0,218,1.0000000000000003e-05,True,2024-12-20
2024-05-21,90.0,105.05,121.5,122.95,0.0,0.0,3.0,36,1.0000000000000003e-05,True,2024-12-20
2024-06-12,95.0,123.95,122.55,125.45,0.0,0.0,1.0,172,0.7983418603515625,True,2024-12-20
2024-06-28,100.0,117.43,117.7,119.6,0.0,0.0,1.0,146,0.726565234375,True,2024-12-20
2024-06-26,105.0,109.37,113.7,115.7,0.0,0.0,55.0,71,0.7617211328125001,True,2024-12-20
2024-06-17,110.0,106.01,108.0,109.85,0.0,0.0,1.0,337,0.6685824157714846,True,2024-12-20
2024-06-21,115.0,97.85,103.25,105.0,0.0,0.0,1.0,806,0.6445348046875,True,2024-12-20
2024-07-01,120.0,98.64,98.3,100.15,2.2399979,2.3236492,2.0,291,0.6141396008300781,True,2024-12-20
2024-06-21,125.0,88.98,93.45,96.3,0.0,0.0,1.0,317,0.6147499462890625,True,2024-12-20
2024-06-27,130.0,86.43,88.65,91.45,0.0,0.0,2.0,269,0.5877726770019531,True,2024-12-20
2024-06-27,135.0,82.24,83.4,85.65,0.0,0.0,1.0,421,0.5272264074707032,True,2024-12-20
2024-07-01,140.0,80.51,79.25,81.4,2.75,3.5365226,2.0,3281,0.5312546875,True,2024-12-20
2024-06-25,145.0,68.97,74.15,77.0,0.0,0.0,10.0,238,0.5081836291503907,True,2024-12-20
2024-07-01,150.0,67.0,70.15,71.2,-1.0999985,-1.6152694,1.0,20385,0.4986622399902344,True,2024-12-20
2024-06-24,155.0,60.28,65.4,66.45,0.0,0.0,8.0,2302,0.4742484216308594,True,2024-12-20
2024-07-01,160.0,60.37,60.8,61.75,2.7999992,4.863643,2.0,1089,0.45117736328125,True,2024-12-20
2024-07-01,165.0,56.53,56.05,57.1,2.6299973,4.879401,20.0,1599,0.429265961303711,True,2024-12-20
2024-07-01,170.0,51.1,51.65,52.45,4.7699966,10.295697,3.0,4857,0.4067442138671875,True,2024-12-20
2024-07-01,175.0,46.72,46.95,47.9,4.25,10.007064,3.0,4964,0.3862976409912109,True,2024-12-20
2024-07-01,180.0,41.84,42.65,43.35,2.2400017,5.65657,20.0,9351,0.364813480834961,True,2024-12-20
2024-07-01,185.0,38.8,38.55,38.95,3.5999985,10.227268,29.0,7779,0.3458317370605468,True,2024-12-20
2024-07-01,190.0,34.2,34.45,34.8,3.6500015,11.947632,228.0,11602,0.33075620422363283,True,2024-12-20
2024-07-01,195.0,30.73,30.5,30.85,4.029999,15.093628,23.0,9836,0.31763377685546873,True,2024-12-20
2024-07-01,200.0,26.1,26.75,27.1,3.6000004,16.000002,61.0,12193,0.30573204040527346,True,2024-12-20
2024-07-01,205.0,22.66,23.25,23.6,3.3099995,17.10594,49.0,4805,0.2954782366943359,True,2024-12-20
2024-07-01,210.0,19.8,20.0,20.35,2.3999996,13.793102,292.0,9352,0.2863840893554687,True,2024-12-20
2024-07-01,215.0,17.2,17.0,17.4,3.7000008,27.407412,311.0,12513,0.2788158056640625,True,2024-12-20
2024-07-01,220.0,14.2,14.35,14.7,2.8999996,25.663713,411.0,20202,0.27164424652099606,False,2024-12-20
2024-07-01,225.0,11.87,12.0,12.25,2.42,25.608465,265.0,8729,0.26471682556152343,False,2024-12-20
2024-07-01,230.0,10.13,9.95,10.15,2.2200003,28.065744,254.0,13666,0.2595899237060547,False,2024-12-20
2024-07-01,235.0,8.1,8.2,8.4,1.8000002,28.57143,295.0,10495,0.2564771618652344,False,2024-12-20
2024-07-01,240.0,6.8,6.7,6.9,1.6400003,31.782953,158.0,14513,0.2538526763916016,False,2024-12-20
2024-07-01,245.0,5.45,5.5,5.65,1.1199999,25.866047,772.0,3250,0.25214370910644535,False,2024-12-20
2024-07-01,250.0,4.6,4.45,4.6,1.3499999,41.538456,1077.0,16703,0.2507704318237304,False,2024-12-20
2024-07-01,255.0,3.6,3.65,3.8,0.79999995,28.571426,433.0,5421,0.2515028463745117,False,2024-12-20
2024-07-01,260.0,3.05,3.0,3.15,0.90999985,42.523354,595.0,3618,0.2528150891113281,False,2024-12-20
2024-07-01,265.0,2.69,2.49,2.59,0.70000005,35.175884,618.0,1161,0.2536695727539063,False,2024-12-20
2024-07-01,270.0,2.1,2.03,2.14,0.41999996,24.999998,144.0,10491,0.2550733673095704,False,2024-12-20
2024-07-01,275.0,1.72,1.69,1.8,0.47000003,37.600002,50.0,10863,0.2576978527832031,False,2024-12-20
2024-07-01,280.0,1.46,1.42,1.53,0.26,21.666666,67.0,11191,0.2608716491699219,False,2024-12-20
2024-07-01,285.0,1.3,1.2,1.3,0.28999996,28.712868,3.0,13607,0.26392337646484376,False,2024-12-20
2024-07-01,290.0,1.07,1.03,1.12,0.13000005,13.829793,62.0,20244,0.2675244146728516,False,2024-12-20
2024-07-01,295.0,0.92,0.88,1.0,0.15000004,19.480524,12.0,1917,0.272895454711914,False,2024-12-20
2024-07-01,300.0,0.79,0.77,0.85,0.13,19.696968,194.0,6396,0.2752758020019531,False,2024-12-20
2024-07-01,305.0,0.69,0.68,0.76,0.100000024,16.949156,4.0,871,0.280158565673828,False,2024-12-20
2024-07-01,310.0,0.65,0.6,0.67,0.07999998,14.035085,6.0,3772,0.2841868457031249,False,2024-12-20
2024-07-01,320.0,0.49,0.48,0.55,0.050000012,11.363639,143.0,327,0.29395237304687494,False,2024-12-20
2024-07-01,5.0,211.72,210.4,213.35,3.3200073,1.5930938,2.0,29,2.1523483691406247,True,2025-01-17
2024-06-17,10.0,207.0,205.45,208.4,0.0,0.0,1.0,1,1.78125109375,True,2025-01-17
2024-07-01,15.0,201.5,200.55,203.5,1.699997,0.85084933,1.0,1,1.62109564453125,True,2025-01-17
2024-06-12,20.0,191.96,195.7,198.65,0.0,0.0,1.0,50,1.5283226708984374,True,2025-01-17
2024-06-20,25.0,189.0,190.8,193.8,2.949997,1.5855936,1.0,11,1.43359658203125,True,2025-01-17
2024-06-26,30.0,187.15,185.45,188.95,2.149994,1.1621588,1.0,5,1.2685583447265623,True,2025-01-17
2024-06-04,35.0,161.27,180.6,184.1,0.0,0.0,4.0,3,1.2211953002929685,True,2025-01-17
2024-06-13,40.0,173.44,176.25,179.25,0.0,0.0,1.0,3,1.2334022705078125,True,2025-01-17
2024-06-04,45.0,151.29,171.4,174.4,0.0,0.0,4.0,22,1.1772502075195312,True,2025-01-17
2024-06-26,50.0,168.0,166.55,168.3,2.0,1.2048193,2.0,2053,1.0024463940429689,True,2025-01-17
2024-06-14,55.0,160.07,161.7,164.7,0.0,0.0,1.0,1477,1.0771530517578127,True,2025-01-17
2024-06-26,60.0,154.36,157.8,159.85,-0.6499939,-0.41932386,1.0,692,1.0893600219726562,True,2025-01-17
2024-07-01,65.0,152.0,152.95,155.05,11.149994,7.9162183,8.0,581,1.043705953369141,True,2025-01-17
2024-06-20,70.0,141.82,148.1,150.35,0.0,0.0,10.0,1014,1.0051319274902344,True,2025-01-17
2024-06-17,75.0,140.35,143.25,144.35,0.0,0.0,4.0,1732,0.9094247338867187,True,2025-01-17
2024-06-12,80.0,139.25,138.4,139.5,0.0,0.0,39.0,388,0.8723157299804687,True,2025-01-17
2024-07-01,85.0,127.2,132.7,134.65,4.3399963,3.532473,1.0,392,0.8005391040039063,True,2025-01-17
2024-06-24,90.0,122.18,127.85,129.8,0.0,0.0,1.0,613,0.7692894165039064,True,2025-01-17
2024-06-21,95.0,118.63,123.0,124.95,0.0,0.0,1.0,2598,0.7387721435546875,True,2025-01-17
2024-06-28,100.0,113.89,118.2,120.1,0.0,0.0,194.0,5024,0.7108183215332031,True,2025-01-17
2024-07-01,105.0,113.51,114.3,115.25,0.16000366,0.14115894,2.0,863,0.7111845288085938,True,2025-01-17
2024-06-27,110.0,107.05,108.55,110.4,0.0,0.0,11.0,1263,0.6547886083984377,True,2025-01-17
2024-07-01,115.0,103.17,103.65,105.6,0.9799957,0.95899373,22.0,1362,0.6269568554687501,True,2025-01-17
2024-07-01,120.0,99.14,98.25,100.8,1.1200027,1.1426268,2608.0,5334,0.5863078479003907,True,2025-01-17
2024-07-01,125.0,93.49,94.0,95.95,1.7900009,1.9520185,22.0,3684,0.5751995605468749,True,2025-01-17
2024-06-24,130.0,85.09,88.65,91.15,0.0,0.0,1.0,7350,0.5383346948242189,True,2025-01-17
2024-07-01,135.0,85.05,83.85,86.35,4.050003,5.000004,26.0,8705,0.5150194982910157,True,2025-01-17
2024-06-26,140.0,79.29,79.65,82.85,0.0,0.0,11.0,8536,0.5283250292968751,True,2025-01-17
2024-07-01,145.0,74.0,75.25,76.8,0.75,1.0238907,2.0,4271,0.5148363946533203,True,2025-01-17
2024-07-01,150.0,70.5,71.1,72.0,3.5,5.223881,431.0,15096,0.48883567810058604,True,2025-01-17
2024-06-27,155.0,62.6,66.4,67.35,0.0,0.0,10.0,4499,0.46759565612792964,True,2025-01-17
2024-07-01,160.0,61.4,61.25,62.7,4.700001,8.289243,60.0,10918,0.4459283923339844,True,2025-01-17
2024-07-01,165.0,57.72,56.65,58.05,3.5200005,6.494466,44.0,12001,0.42383388671875,True,2025-01-17
2024-07-01,170.0,52.1,52.45,53.35,1.949997,3.8883288,58.0,12628,0.40015248291015626,True,2025-01-17
2024-07-01,175.0,47.7,48.0,48.85,2.7000008,6.0000014,62.0,9130,0.38089608367919914,True,2025-01-17
2024-07-01,180.0,44.3,43.65,44.45,4.299999,10.749998,178.0,27197,0.3629214099121094,True,2025-01-17
2024-07-01,185.0,39.8,39.6,40.25,2.8999977,7.8590717,126.0,19464,0.3479374288940429,True,2025-01-17
2024-07-01,190.0,35.67,35.55,36.15,4.7699986,15.436889,192.0,58078,0.3332586206054688,True,2025-01-17
2024-07-01,195.0,32.2,31.6,32.35,4.9000015,17.948725,46.0,22270,0.32227240234374993,True,2025-01-17
2024-07-01,200.0,28.5,27.95,28.6,5.0,21.276596,343.0,44142,0.3097908377075196,True,2025-01-17
2024-07-01,205.0,24.96,24.45,25.2,4.459999,21.756094,205.0,20005,0.3008187594604492,True,2025-01-17
2024-07-01,210.0,21.71,21.3,21.85,3.8599987,21.624643,341.0,26726,0.28983254119873036,True,2025-01-17
2024-07-01,215.0,18.3,18.2,19.0,3.2999992,21.999996,334.0,17877,0.2838206384277343,True,2025-01-17
2024-07-01,220.0,16.1,15.6,16.2,3.5,27.777777,539.0,35985,0.27539787109374997,False,2025-01-17
2024-07-01,225.0,13.49,13.25,13.55,3.1399994,30.338158,413.0,21305,0.26593751647949215,False,2025-01-17
2024-07-01,230.0,11.37,11.15,11.65,2.5900002,29.498861,775.0,20276,0.2647778601074219,False,2025-01-17
2024-07-01,235.0,9.5,9.3,9.75,2.4,33.80282,338.0,22135,0.2602613037109375,False,2025-01-17
2024-07-01,240.0,8.05,7.75,8.0,1.6800003,26.373632,3406.0,26848,0.2546461254882813,False,2025-01-17
2024-07-01,245.0,6.5,6.45,6.65,1.5500002,31.313135,1232.0,11470,0.2524488818359375,False,2025-01-17
2024-07-01,250.0,5.4,5.3,5.55,1.5,38.461536,5195.0,72011,0.2516249154663086,False,2025-01-17
2024-07-01,255.0,4.3,4.5,4.65,1.0500002,32.307697,2039.0,26001,0.25177750183105463,False,2025-01-17
2024-07-01,260.0,3.64,3.7,3.85,0.8100002,28.621914,420.0,25306,0.25119767364501955,False,2025-01-17
2024-07-01,265.0,3.0,3.05,3.25,0.5,20.0,106.0,22291,0.25263198547363286,False,2025-01-17
2024-07-01,270.0,2.63,2.55,2.75,0.7500001,39.893623,634.0,17837,0.2543409527587891,False,2025-01-17
2024-07-01,275.0,2.23,2.16,2.32,0.57000005,34.337353,449.0,12692,0.25580578186035163,False,2025-01-17
2024-07-01,280.0,1.92,1.82,1.97,0.40999997,27.152315,1125.0,13561,0.25775888732910157,False,2025-01-17
2024-07-01,285.0,1.64,1.56,1.69,0.39999998,32.25806,241.0,17329,0.2602613037109375,False,2025-01-17
2024-07-01,290.0,1.45,1.36,1.47,0.36,33.027523,374.0,11577,0.26355716918945316,False,2025-01-17
2024-07-01,300.0,1.07,1.02,1.11,0.27000004,33.750004,2959.0,62707,0.26935545104980463,False,2025-01-17
2024-07-01,310.0,0.82,0.79,0.9,0.14999998,22.388056,74.0,25767,0.2782054602050781,False,2025-01-17
2024-07-01,320.0,0.68,0.62,0.71,0.120000005,21.428572,3910.0,13499,0.28479719116210933,False,2025-01-17
2024-06-20,50.0,161.24,166.75,169.9,0.0,0.0,4.0,93,1.019780291748047,True,2025-03-21
2024-07-01,60.0,154.36,158.8,160.0,42.36,37.82143,1.0,9,1.0039112304687499,True,2025-03-21
2024-05-13,65.0,123.71,149.55,152.2,0.0,0.0,3.0,25,0.6787141503906251,True,2025-03-21
2024-06-26,75.0,139.04,143.6,145.95,0.0,0.0,10.0,11,0.8676771044921875,True,2025-03-21
2024-06-12,80.0,133.0,137.95,141.1,0.0,0.0,4.0,15,0.8029804858398437,True,2025-03-21
2024-06-11,85.0,117.81,133.15,136.3,0.0,0.0,1.0,192,0.7719749365234375,True,2025-03-21
2024-06-27,90.0,126.08,128.3,130.5,-2.069992,-1.6152885,2.0,90,0.709963837890625,True,2025-03-21
2024-06-21,95.0,119.38,123.5,125.7,0.0,0.0,1.0,10,0.6833527758789064,True,2025-03-21
2024-06-24,100.0,113.0,119.7,120.9,0.0,0.0,1.0,445,0.6835969140625001,True,2025-03-21
2024-06-12,105.0,114.68,113.95,116.1,0.0,0.0,1.0,168,0.6331823791503908,True,2025-03-21
2024-06-12,110.0,109.02,110.1,111.3,0.0,0.0,5.0,33,0.6297034100341796,True,2025-03-21
2024-06-12,115.0,105.26,104.1,106.55,0.0,0.0,1.0,14,0.5792278405761719,True,2025-03-21
2024-06-27,120.0,98.04,100.65,101.8,0.0,0.0,1.0,96,0.5831950860595703,True,2025-03-21
2024-06-13,125.0,95.95,95.75,97.05,0.0,0.0,3.0,86,0.5571333349609376,True,2025-03-21
2024-07-01,130.0,90.5,89.95,92.3,4.529999,5.2692785,1.0,512,0.5159350164794922,True,2025-03-21
2024-06-17,135.0,87.4,86.45,87.55,0.0,0.0,1.0,84,0.5145922564697265,True,2025-03-21
2024-07-01,140.0,80.5,81.45,82.8,0.5,0.625,2.0,600,0.5080005255126954,True,2025-03-21
2024-06-25,145.0,70.95,76.95,78.25,0.0,0.0,1.0,110,0.4899953344726563,True,2025-03-21
2024-07-01,150.0,72.75,72.45,73.55,1.949997,2.754233,1.0,1910,0.46774824249267577,True,2025-03-21
2024-07-01,155.0,67.3,67.9,69.0,2.4000015,3.6979992,4.0,2498,0.4491632232666015,True,2025-03-21
2024-07-01,160.0,62.56,63.25,64.4,1.6599998,2.7257795,23.0,2118,0.42902182312011716,True,2025-03-21
2024-07-01,165.0,59.4,58.7,60.0,5.1500015,9.49309,9.0,1069,0.41296973754882804,True,2025-03-21
2024-07-01,170.0,54.75,54.5,55.4,3.7999992,7.458291,107.0,1908,0.39206540557861325,True,2025-03-21
2024-07-01,175.0,51.15,50.2,51.15,3.800003,8.02535,12.0,1413,0.3776307354736328,True,2025-03-21
2024-07-01,180.0,46.7,46.3,46.8,3.4500008,7.97688,34.0,3365,0.3602969244384765,True,2025-03-21
2024-07-01,185.0,41.39,42.2,42.75,0.9399986,2.3238533,26.0,7883,0.3473576007080078,True,2025-03-21
2024-07-01,190.0,38.28,38.4,38.85,3.1800003,9.059831,58.0,6008,0.3354863815307617,True,2025-03-21
2024-07-01,195.0,34.15,34.7,35.15,1.7000008,5.238831,11.0,6597,0.32520206054687495,True,2025-03-21
2024-07-01,200.0,31.15,31.15,31.65,4.299999,16.014894,117.0,9610,0.316138430480957,True,2025-03-21
2024-07-01,205.0,28.4,27.7,28.3,3.6000004,14.51613,8.0,8165,0.30728842132568357,True,2025-03-21
2024-07-01,210.0,25.33,24.55,25.1,4.6000004,22.190065,139.0,8244,0.29849944671630857,True,2025-03-21
2024-07-01,215.0,22.18,21.7,22.2,2.6800003,13.743591,165.0,2744,0.2916330603027343,True,2025-03-21
2024-07-01,220.0,18.7,18.9,19.5,1.8200016,10.782001,56.0,4888,0.28519391571044916,False,2025-03-21
2024-07-01,225.0,16.37,16.55,17.15,1.8900013,13.052495,144.0,3780,0.2810740838623046,False,2025-03-21
2024-07-01,230.0,14.12,14.35,14.65,1.7200003,13.870971,29.0,5221,0.2724376956176757,False,2025-03-21
2024-07-01,235.0,12.33,12.35,12.65,1.2299995,11.081077,19.0,5925,0.26807372558593745,False,2025-03-21
2024-07-01,240.0,10.9,10.6,10.9,2.5,29.761906,46.0,2067,0.26474734283447265,False,2025-03-21
2024-07-01,245.0,9.2,9.1,9.35,1.0,12.195122,270.0,1300,0.26178716735839846,False,2025-03-21
2024-07-01,250.0,7.8,7.7,8.05,1.6500001,26.82927,978.0,4188,0.26023078643798825,False,2025-03-21
2024-07-01,260.0,5.81,5.7,5.9,0.55999994,10.666665,146.0,3920,0.25751474914550787,False,2025-03-21
2024-07-01,270.0,4.3,4.2,4.35,0.8000002,22.857147,346.0,3051,0.25702647277832036,False,2025-03-21
2024-07-01,280.0,3.25,3.05,3.25,0.6500001,25.000004,133.0,1375,0.2583997500610352,False,2025-03-21
2024-07-01,290.0,2.48,2.28,2.47,0.49,24.623116,7.0,2262,0.26117682189941405,False,2025-03-21
2024-07-01,300.0,1.76,1.82,1.97,0.23000002,15.032681,107.0,1449,0.2669140692138672,False,2025-03-21
2024-07-01,310.0,1.51,1.43,1.55,0.35000002,30.172419,2622.0,23817,0.27118648742675777,False,2025-03-21
2024-07-01,320.0,1.19,1.17,1.26,0.21000004,21.428576,16.0,4800,0.27686270019531245,False,2025-03-21
2024-07-01,330.0,1.0,0.94,1.04,0.18,21.95122,4.0,584,0.2827220166015625,False,2025-03-21
2024-07-01,340.0,0.84,0.76,0.87,0.13999999,19.999998,6.0,583,0.2887034020996093,False,2025-03-21
2024-07-01,350.0,0.66,0.63,0.74,0.02000004,3.1250064,6.0,1827,0.29492892578124996,False,2025-03-21
2024-06-26,360.0,0.55,0.53,0.63,0.0,0.0,8.0,1356,0.3007882421875,False,2025-03-21
2024-07-01,370.0,0.51,0.43,0.57,0.060000002,13.333334,21.0,1155,0.30884480224609373,False,2025-03-21
2024-07-01,380.0,0.4,0.37,0.48,0.01000002,2.564108,58.0,13008,0.3131172204589844,False,2025-03-21
2024-06-20,50.0,164.35,167.15,169.85,0.0,0.0,4.0,444,0.8981943774414061,True,2025-06-20
2024-05-30,55.0,138.91,155.45,160.0,0.0,0.0,1.0,404,1.0000000000000003e-05,True,2025-06-20
2024-05-06,60.0,123.9,136.55,139.85,0.0,0.0,1.0,116,1.0000000000000003e-05,True,2025-06-20
2024-02-07,65.0,126.5,106.9,110.0,0.0,0.0,85.0,211,1.0000000000000003e-05,True,2025-06-20
2024-06-24,70.0,141.85,148.25,150.95,0.0,0.0,1.0,318,0.7813742565917969,True,2025-06-20
2024-06-28,75.0,142.0,143.4,146.3,0.0,0.0,1.0,271,0.7526880200195312,True,2025-06-20
2024-06-14,80.0,137.5,139.25,141.5,0.0,0.0,4.0,309,0.7396266271972656,True,2025-06-20
2024-06-21,85.0,129.82,134.15,136.7,0.0,0.0,1.0,715,0.7019683123779297,True,2025-06-20
2024-06-26,90.0,128.15,130.0,131.55,0.0,0.0,3.0,455,0.6803620831298829,True,2025-06-20
2024-06-27,95.0,122.85,124.45,126.95,0.0,0.0,44.0,3812,0.6407506628417969,True,2025-06-20
2024-06-26,100.0,118.95,120.45,122.15,0.0,0.0,3.0,274,0.6307409973144531,True,2025-06-20
2024-06-26,105.0,113.88,115.45,117.75,0.0,0.0,3.0,207,0.6082192498779297,True,2025-06-20
2024-07-01,110.0,110.86,110.8,113.25,5.1600037,4.8817444,10.0,353,0.5903361279296876,True,2025-06-20
2024-06-13,115.0,105.0,106.55,108.75,0.0,0.0,4.0,373,0.5785564605712892,True,2025-06-20
2024-06-20,120.0,96.35,101.8,103.85,0.0,0.0,11.0,1225,0.5526167785644531,True,2025-06-20
2024-07-01,125.0,98.35,97.3,98.55,2.3499985,2.447915,11.0,479,0.5253343365478516,True,2025-06-20
2024-07-01,130.0,90.6,92.65,93.9,-0.5999985,-0.65789306,2.0,537,0.5056201782226561,True,2025-06-20
2024-06-18,135.0,85.95,88.2,89.35,0.0,0.0,8.0,572,0.5037891418457032,True,2025-06-20
2024-07-01,140.0,85.0,83.4,84.7,4.0,4.9382715,3.0,925,0.48328153442382815,True,2025-06-20
2024-06-28,145.0,78.03,79.0,80.2,0.0,0.0,2.0,569,0.46616134429931644,True,2025-06-20
2024-07-01,150.0,73.0,74.65,75.7,0.5,0.6896552,6.0,1474,0.44882753326416014,True,2025-06-20
2024-07-01,155.0,70.9,70.05,71.3,2.9400024,4.326078,11.0,1366,0.4332332067871094,True,2025-06-20
2024-07-01,160.0,65.6,66.2,66.9,1.199997,1.8633492,34.0,3357,0.4171811212158203,True,2025-06-20
2024-07-01,165.0,61.5,61.55,62.65,2.8499985,4.859332,100.0,1063,0.40335679656982426,True,2025-06-20
2024-07-01,170.0,57.75,57.5,58.4,4.779999,9.023973,381.0,2698,0.3888916091918946,True,2025-06-20
2024-07-01,175.0,53.73,53.6,54.15,2.4300003,4.7368426,3.0,2668,0.3738160763549804,True,2025-06-20
2024-07-01,180.0,49.35,49.7,50.2,2.5199966,5.3811584,11.0,5639,0.36261623718261715,True,2025-06-20
2024-07-01,185.0,46.45,45.85,46.4,3.4500008,8.023257,2.0,2928,0.35253027847290036,True,2025-06-20
2024-07-01,190.0,42.5,42.15,42.65,2.5,6.25,36.0,7668,0.3419865606689453,True,2025-06-20
2024-07-01,195.0,39.0,38.6,39.15,3.5499992,10.014102,34.0,3655,0.3336095692443848,True,2025-06-20
2024-07-01,200.0,35.26,35.2,35.75,3.6899986,11.688308,115.0,8588,0.3251410260009765,True,2025-06-20
2024-07-01,205.0,31.57,31.95,32.5,3.2799988,11.594198,12.0,6241,0.31711498321533205,True,2025-06-20
2024-07-01,210.0,28.88,28.95,29.45,3.6799984,14.6031685,106.0,7139,0.3100502345275879,True,2025-06-20
2024-07-01,215.0,25.95,26.1,26.6,3.7000008,16.629217,89.0,9778,0.30379419357299803,True,2025-06-20
2024-07-01,220.0,23.65,23.4,23.85,3.1000004,15.08516,1067.0,9760,0.2970803935241699,False,2025-06-20
2024-07-01,225.0,20.35,20.9,21.4,1.6000004,8.533335,137.0,3386,0.2922128884887695,False,2025-06-20
2024-07-01,230.0,18.25,18.65,19.15,1.3899994,8.244362,74.0,7929,0.2879557289123534,False,2025-06-20
2024-07-01,235.0,16.45,16.55,16.95,2.5500011,18.345333,41.0,8837,0.28255417160034174,False,2025-06-20
2024-07-01,240.0,14.55,14.7,15.0,1.6500006,12.790703,72.0,8431,0.2783580465698242,False,2025-06-20
2024-07-01,245.0,13.35,12.9,13.3,2.6500006,24.766361,27.0,3886,0.27542838836669914,False,2025-06-20
2024-07-01,250.0,11.6,11.45,11.75,2.2000008,23.404264,358.0,12965,0.27268183380126954,False,2025-06-20
2024-07-01,260.0,8.8,8.8,9.15,1.5700002,21.715078,108.0,7584,0.26865355377197264,False,2025-06-20
2024-07-01,270.0,7.0,6.8,7.1,1.25,21.73913,125.0,4354,0.2659069992065429,False,2025-06-20
2024-07-01,280.0,5.35,5.2,5.5,0.5499997,11.458326,115.0,7280,0.2641980319213867,False,2025-06-20
2024-07-01,290.0,4.1,4.0,4.3,0.099999905,2.4999976,3.0,1357,0.26401492828369144,False,2025-06-20
2024-07-01,300.0,3.33,3.15,3.4,0.5799999,21.090906,219.0,8102,0.2650219982910156,False,2025-06-20
2024-07-01,310.0,2.6,2.54,2.73,0.5,23.809525,154.0,3143,0.267158207397461,False,2025-06-20
2024-07-01,320.0,2.15,2.16,2.23,0.4000001,22.857147,18.0,1108,0.27020993469238286,False,2025-06-20
2024-06-20,50.0,165.66,167.05,170.65,0.0,0.0,1.0,18,0.8328874133300779,True,2025-09-19
2024-05-31,55.0,137.32,155.5,160.5,0.0,0.0,1.0,73,1.0000000000000003e-05,True,2025-09-19
2024-05-20,60.0,133.4,155.0,158.75,0.0,0.0,1.0,22,0.7253445434570311,True,2025-09-19
2024-06-13,65.0,152.93,153.05,156.65,0.0,0.0,1.0,15,0.7543969873046875,True,2025-09-19
2024-04-16,70.0,107.0,122.25,125.65,0.0,0.0,2.0,10,1.0000000000000003e-05,True,2025-09-19
2024-06-26,75.0,142.58,143.95,147.25,0.0,0.0,2.0,60,0.7091703887939453,True,2025-09-19
2024-05-31,80.0,115.25,132.0,137.0,0.0,0.0,13.0,26,0.40039662109375,True,2025-09-19
2024-06-13,85.0,133.31,134.7,138.0,0.0,0.0,1.0,358,0.6651644812011721,True,2025-09-19
2024-06-26,90.0,128.9,130.6,132.75,0.0,0.0,2.0,224,0.6418492846679689,True,2025-09-19
2024-06-12,95.0,127.16,125.25,128.6,0.0,0.0,1.0,15,0.6165809826660158,True,2025-09-19
2024-06-26,100.0,117.0,121.35,123.35,0.0,0.0,1.0,1639,0.5979044116210939,True,2025-09-19
2024-06-26,105.0,114.9,116.0,119.4,0.0,0.0,3.0,6,0.5770305969238281,True,2025-09-19
2024-06-25,110.0,106.8,112.2,114.25,0.0,0.0,1.0,146,0.5614667877197266,True,2025-09-19
2024-06-20,115.0,101.67,107.5,109.65,0.0,0.0,1.0,11,0.5410812493896486,True,2025-09-19
2024-06-25,120.0,97.0,103.15,104.7,0.0,0.0,30.0,683,0.5210619183349607,True,2025-09-19
2024-06-27,125.0,95.5,98.5,100.55,0.0,0.0,1.0,19,0.5071460418701172,True,2025-09-19
2024-06-24,130.0,87.5,93.65,95.95,0.0,0.0,1.0,69,0.510594493713379,True,2025-09-19
2024-06-12,135.0,89.67,89.5,91.55,0.0,0.0,8.0,81,0.4949696499633789,True,2025-09-19
2024-06-25,140.0,79.5,85.15,86.85,0.0,0.0,11.0,144,0.4734549725341797,True,2025-09-19
2024-06-27,145.0,79.17,81.3,82.75,0.0,0.0,9.0,46,0.46320116882324225,True,2025-09-19
2024-07-01,150.0,77.0,76.55,78.0,2.0,2.6666667,15.0,3648,0.4410761459350586,True,2025-09-19
2024-06-27,155.0,70.65,71.95,74.1,0.0,0.0,1.0,53,0.4332332067871094,True,2025-09-19
2024-06-28,160.0,64.8,68.65,69.5,0.0,0.0,13.0,328,0.41358008300781246,True,2025-09-19
2024-06-28,165.0,63.31,64.35,65.45,0.0,0.0,1.0,518,0.4021971401977539,True,2025-09-19
2024-06-25,170.0,55.33,60.55,61.3,0.0,0.0,1.0,323,0.3887695401000977,True,2025-09-19
2024-06-28,175.0,54.96,56.5,57.25,0.0,0.0,2.0,319,0.3761964236450196,True,2025-09-19
2024-07-01,180.0,51.53,52.75,53.45,1.9300003,3.8911297,2.0,527,0.36627830993652344,True,2025-09-19
2024-07-01,185.0,49.3,49.1,49.8,2.8499985,6.1356263,1.0,1945,0.35739778350830076,True,2025-09-19
2024-07-01,190.0,46.44,45.5,46.2,3.3799973,7.849506,8.0,699,0.3482120843505859,True,2025-09-19
2024-07-01,195.0,43.2,42.15,42.8,2.4000015,5.8823566,3.0,573,0.34039966247558595,True,2025-09-19
2024-07-01,200.0,38.6,38.85,39.5,2.3499985,6.482754,9.0,1971,0.33264827514648443,True,2025-09-19
2024-07-01,205.0,36.65,35.65,36.3,3.1800003,9.501046,5.0,807,0.324927405090332,True,2025-09-19
2024-07-01,210.0,32.8,32.75,33.4,2.3400002,7.682207,30.0,2768,0.3193427441406249,True,2025-09-19
2024-07-01,215.0,29.83,29.95,30.55,1.3899994,4.8874803,20.0,1774,0.3130561859130859,True,2025-09-19
2024-07-01,220.0,27.6,27.15,27.85,3.58,14.904246,14.0,1530,0.30713583496093744,False,2025-09-19
2024-07-01,225.0,24.62,24.7,25.45,1.6200008,7.0434823,35.0,1101,0.30307703765869143,False,2025-09-19
2024-07-01,230.0,22.04,22.35,23.1,1.710001,8.41122,18.0,1746,0.29825530853271476,False,2025-09-19
2024-07-01,235.0,20.5,20.25,20.95,1.2999992,6.770829,10.0,1208,0.2941965112304687,False,2025-09-19
2024-07-01,240.0,18.35,18.4,18.8,2.58,16.360178,30.0,1843,0.28885598846435534,False,2025-09-19
2024-07-01,245.0,17.07,16.5,17.0,1.5900002,10.271319,4.0,1371,0.2858805543518066,False,2025-09-19
2024-07-01,250.0,15.1,14.9,15.3,1.79,13.448535,47.0,2021,0.28269149932861326,False,2025-09-19
2024-07-01,255.0,13.3,13.3,13.8,2.5,23.148148,1.0,504,0.28044847976684567,False,2025-09-19
2024-07-01,260.0,12.21,12.0,12.4,2.3100004,23.33334,9.0,368,0.27808339111328123,False,2025-09-19
2024-06-28,265.0,10.6,10.75,11.15,0.5500002,5.4726386,1.0,166,0.2762218374633788,False,2025-09-19
2024-07-01,270.0,9.25,9.55,10.0,0.5,5.714286,1.0,598,0.2743908010864258,False,2025-09-19
2024-07-01,275.0,9.0,8.6,9.0,0.71000004,8.564536,1.0,1440,0.2732616619873046,False,2025-09-19
2024-07-01,280.0,6.9,7.75,8.05,-0.33999968,-4.6961284,3.0,254,0.2717052810668945,False,2025-09-19
2024-07-01,285.0,6.55,6.9,7.25,0.8500004,14.912288,12.0,926,0.271064418334961,False,2025-09-19
2024-07-01,290.0,6.4,6.2,6.5,0.5999999,10.344826,1.0,332,0.2701489001464844,False,2025-09-19
2024-07-01,295.0,5.5,5.55,5.85,0.4499998,8.910887,16.0,359,0.26972165832519535,False,2025-09-19
2024-07-01,300.0,5.01,5.05,5.3,0.86000013,20.722895,6.0,1743,0.26996579650878905,False,2025-09-19
2024-06-28,305.0,4.26,4.3,4.9,0.0,0.0,10.0,118,0.271918901977539,False,2025-09-19
2024-07-01,310.0,4.17,4.1,4.35,0.6700001,19.142859,1.0,1454,0.270515107421875,False,2025-09-19
2024-07-01,320.0,3.5,3.3,3.6,0.45000005,14.7541,20.0,347,0.27173579833984374,False,2025-09-19
2024-06-28,50.0,165.5,167.4,171.0,0.0,0.0,2.0,230,0.7854025366210937,True,2025-12-19
2024-06-12,55.0,162.73,162.75,166.4,0.0,0.0,20.0,101,0.7605004418945314,True,2025-12-19
2024-06-11,60.0,141.25,158.2,161.8,0.0,0.0,2.0,238,0.7388942126464844,True,2025-12-19
2024-06-12,65.0,150.51,153.55,157.15,0.0,0.0,1.0,337,0.7135038415527344,True,2025-12-19
2024-06-21,70.0,144.5,148.95,152.55,0.0,0.0,4.0,861,0.6913483013916017,True,2025-12-19
2024-07-01,75.0,145.0,144.35,147.95,1.7799988,1.2428423,2.0,348,0.6696200030517578,True,2025-12-19
2024-06-27,80.0,139.32,140.35,143.35,0.0,0.0,1.0,361,0.6595493029785158,True,2025-12-19
2024-07-01,85.0,137.0,135.8,138.75,44.9,48.751358,50.0,309,0.6387365228271484,True,2025-12-19
2024-07-01,90.0,129.75,131.2,133.8,3.75,2.9761906,44.0,205,0.6120033917236329,True,2025-12-19
2024-06-21,95.0,121.17,126.2,129.55,0.0,0.0,10.0,44,0.5910075079345705,True,2025-12-19
2024-07-01,100.0,122.35,122.1,125.05,2.75,2.2993312,10.0,1510,0.5795330133056642,True,2025-12-19
2024-06-20,105.0,115.83,117.55,120.1,0.0,0.0,4.0,172,0.555790574951172,True,2025-12-19
2024-06-26,110.0,109.05,113.3,115.15,0.0,0.0,55.0,681,0.5365646929931642,True,2025-12-19
2024-06-21,115.0,104.15,108.85,110.75,0.0,0.0,2.0,255,0.5216722637939453,True,2025-12-19
2024-06-28,120.0,102.48,104.45,106.25,0.0,0.0,21.0,561,0.5061084545898438,True,2025-12-19
2024-07-01,125.0,99.18,100.0,101.85,5.1299973,5.4545426,10.0,497,0.5093432855224609,True,2025-12-19
2024-07-01,130.0,95.35,95.7,97.4,5.2999954,5.8856134,10.0,471,0.4927113717651368,True,2025-12-19
2024-06-28,135.0,88.81,91.4,93.05,0.0,0.0,40.0,1187,0.4779104943847656,True,2025-12-19
2024-06-28,140.0,86.5,86.95,88.75,1.9599991,2.318428,1.0,1556,0.46381151428222656,True,2025-12-19
2024-07-01,145.0,82.65,83.1,84.5,1.5299988,1.8860931,9.0,671,0.4502923623657227,True,2025-12-19
2024-07-01,150.0,79.25,78.65,80.25,2.4000015,3.122969,11.0,2388,0.4365595895385742,True,2025-12-19
2024-06-28,155.0,73.9,74.55,76.0,0.0,0.0,2.0,690,0.42258267852783205,True,2025-12-19
2024-07-01,160.0,71.89,70.75,72.0,2.6500015,3.8272698,1.0,1309,0.41181008117675777,True,2025-12-19
2024-06-26,165.0,65.0,67.0,67.95,0.0,0.0,10.0,2660,0.39987782745361333,True,2025-12-19
2024-06-27,170.0,60.8,63.05,63.9,0.0,0.0,2.0,4309,0.3874878146362304,True,2025-12-19
2024-06-28,175.0,59.15,59.25,60.15,2.300003,4.0457397,4.0,1900,0.3783326327514648,True,2025-12-19
2024-07-01,180.0,55.15,55.65,56.5,1.1400032,2.110726,78.0,8216,0.3696809858703613,True,2025-12-19
2024-07-01,185.0,51.45,52.15,52.9,1.2200012,2.42883,31.0,2423,0.36084623535156246,True,2025-12-19
2024-07-01,190.0,48.1,48.65,49.3,3.6499977,8.211468,14.0,2613,0.3512790702819824,True,2025-12-19
2024-07-01,195.0,45.4,45.4,46.25,1.7000008,3.8901618,4.0,1885,0.34683880706787107,True,2025-12-19
2024-07-01,200.0,42.0,42.2,43.05,1.8499985,4.607717,17.0,6653,0.33981983428955076,True,2025-12-19
2024-07-01,205.0,39.65,39.15,39.95,1.3800011,3.6059604,18.0,1289,0.33293818923950197,True,2025-12-19
2024-07-01,210.0,36.55,36.2,37.05,1.8499985,5.3314075,12.0,4355,0.32712464874267577,True,2025-12-19
2024-07-01,215.0,34.0,33.55,34.25,2.5,7.9365077,116.0,6212,0.3213263668823242,True,2025-12-19
2024-07-01,220.0,29.95,30.85,31.65,2.3000011,8.318269,36.0,2871,0.3164741204833984,False,2025-12-19
2024-07-01,225.0,28.55,28.4,29.05,3.5,13.972056,37.0,1183,0.31059954544067375,False,2025-12-19
2024-07-01,230.0,27.0,25.95,26.8,2.8899994,11.986725,23.0,2865,0.30705954177856437,False,2025-12-19
2024-07-01,235.0,23.9,23.9,24.65,0.8500004,3.6876373,10.0,1401,0.30344324493408203,False,2025-12-19
2024-07-01,240.0,21.83,21.85,22.45,0.9300003,4.4497623,5.0,1605,0.2983163430786132,False,2025-12-19
2024-07-01,245.0,20.85,19.95,20.55,2.3999996,13.008128,25.0,605,0.29502047760009764,False,2025-12-19
2024-07-01,250.0,18.68,18.25,18.8,2.2800007,13.902443,66.0,6806,0.292151853942871,False,2025-12-19
2024-07-01,260.0,15.08,15.2,15.6,0.72999954,5.087105,23.0,737,0.2863688307189941,False,2025-12-19
2024-07-01,270.0,12.8,12.45,12.95,0.9499998,8.016876,13.0,1121,0.2822489988708496,False,2025-12-19
2024-07-01,280.0,9.85,10.25,10.75,0.20000076,2.072547,5.0,1525,0.27924304748535156,False,2025-12-19
2024-07-01,290.0,8.52,8.45,8.95,0.37000084,4.539888,11.0,3486,0.27735097656249996,False,2025-12-19
2024-07-01,300.0,7.02,7.0,7.45,0.7199998,11.428568,130.0,5872,0.2759471820068359,False,2025-12-19
2024-07-01,310.0,6.05,5.8,6.2,0.9500003,18.627457,9.0,4238,0.2748790774536133,False,2025-12-19
2024-07-01,320.0,4.9,4.75,5.2,0.3000002,6.5217433,11.0,826,0.27472649108886715,False,2025-12-19
2024-06-28,50.0,165.36,167.6,171.15,0.0,0.0,1.0,280,0.7778342529296876,True,2026-01-16
2024-06-12,55.0,162.73,163.0,166.6,0.0,0.0,20.0,292,0.7551294018554688,True,2026-01-16
2024-06-20,60.0,152.85,158.4,162.05,0.0,0.0,1.0,25,0.7324245507812499,True,2026-01-16
2024-06-12,65.0,154.33,153.8,157.4,0.0,0.0,1.0,44,0.7076445251464845,True,2026-01-16
2024-06-12,70.0,144.67,149.25,152.8,0.0,0.0,1.0,181,0.6859772613525392,True,2026-01-16
2024-06-26,75.0,142.43,144.8,148.25,0.0,0.0,40.0,104,0.6676058630371096,True,2026-01-16
2024-06-12,80.0,141.9,140.1,143.6,0.0,0.0,39.0,351,0.6430089410400393,True,2026-01-16
2024-06-14,85.0,130.43,135.55,139.05,0.0,0.0,1.0,162,0.6235389208984375,True,2026-01-16
2024-06-26,90.0,130.18,131.15,134.55,0.0,0.0,12.0,63,0.6074258007812501,True,2026-01-16
2024-06-12,95.0,131.2,126.55,129.9,0.0,0.0,1.0,85,0.5862468133544922,True,2026-01-16
2024-06-27,100.0,120.35,121.95,125.35,0.0,0.0,2.0,769,0.566959896850586,True,2026-01-16
2024-06-24,105.0,110.05,117.55,120.85,0.0,0.0,2.0,190,0.5511824667358399,True,2026-01-16
2024-06-17,110.0,116.25,113.35,116.4,0.0,0.0,1.0,106,0.5382431430053712,True,2026-01-16
2024-06-17,115.0,111.7,108.65,112.0,0.0,0.0,1.0,160,0.5200853656005859,True,2026-01-16
2024-06-20,120.0,98.7,104.3,107.45,0.0,0.0,11.0,599,0.5042163836669922,True,2026-01-16
2024-06-25,125.0,94.65,99.95,102.85,0.0,0.0,1.0,506,0.5154162228393554,True,2026-01-16
2024-06-27,130.0,92.55,95.65,98.55,-1.75,-1.8557794,18.0,775,0.5008900009155274,True,2026-01-16
2024-06-25,135.0,86.35,91.45,94.3,0.0,0.0,44.0,337,0.4870656762695313,True,2026-01-16
2024-06-28,140.0,85.88,87.35,90.2,0.0,0.0,1.0,893,0.47546911254882807,True,2026-01-16
2024-07-01,145.0,83.4,84.0,86.05,0.9700012,1.1767575,4.0,253,0.4626823751831055,True,2026-01-16
2024-07-01,150.0,80.1,78.15,81.55,2.4300003,3.1286216,1.0,2164,0.4445856323242187,True,2026-01-16
2024-06-26,155.0,73.25,74.95,77.1,0.0,0.0,2.0,277,0.42734337310791026,True,2026-01-16
2024-06-28,160.0,70.25,70.3,73.4,-0.05000305,-0.07112809,10.0,528,0.4201412966918946,True,2026-01-16
2024-07-01,165.0,66.38,67.9,69.6,0.87999725,1.3435073,2.0,1271,0.41089456298828125,True,2026-01-16
2024-07-01,170.0,63.93,63.85,65.4,2.5299988,4.120519,49.0,2020,0.3961699787902832,True,2026-01-16
2024-07-01,175.0,60.45,60.25,61.45,2.75,4.7660313,25.0,2983,0.3841919491577148,True,2026-01-16
2024-07-01,180.0,56.35,55.9,57.6,2.449997,4.545449,321.0,5071,0.3729005581665039,True,2026-01-16
2024-07-01,185.0,52.83,52.2,54.55,1.3300018,2.5825279,19.0,2278,0.3699098654174804,True,2026-01-16
2024-07-01,190.0,50.4,48.75,51.15,3.7600021,8.061754,25.0,5720,0.36214321945190425,True,2026-01-16
2024-07-01,195.0,46.45,45.45,47.55,4.5200005,10.779873,14.0,7811,0.35156898437499995,True,2026-01-16
2024-07-01,200.0,43.06,42.75,44.1,3.8900032,9.931078,430.0,8886,0.3418644915771484,True,2026-01-16
2024-07-01,205.0,38.4,39.1,41.3,-0.8499985,-2.1656013,4.0,2470,0.3378819874572754,True,2026-01-16
2024-07-01,210.0,36.74,36.7,38.0,1.8700027,5.362784,141.0,3998,0.3281012014770508,True,2026-01-16
2024-07-01,215.0,34.63,33.7,35.2,2.2299995,6.8827143,186.0,2981,0.3223029196166991,True,2026-01-16
2024-07-01,220.0,32.3,31.1,32.75,3.8799992,13.652354,101.0,11144,0.318869726409912,False,2026-01-16
2024-07-01,225.0,29.55,28.8,30.9,2.5499992,9.444442,27.0,3427,0.3200751586914062,False,2026-01-16
2024-07-01,230.0,27.6,26.2,28.1,3.75,15.72327,673.0,5698,0.31143877044677726,False,2026-01-16
2024-07-01,235.0,24.78,24.5,25.65,1.4800014,6.3519382,378.0,3908,0.30512169494628905,False,2026-01-16
2024-07-01,240.0,23.36,21.75,23.55,2.7200012,13.178301,510.0,2068,0.30109341491699215,False,2026-01-16
2024-07-01,245.0,21.0,20.5,21.6,2.2000008,11.702132,18.0,2527,0.2974923767089843,False,2026-01-16
2024-07-01,250.0,19.85,18.5,19.9,3.25,19.578312,3440.0,10225,0.29527987442016596,False,2026-01-16
2024-07-01,255.0,17.25,16.95,18.15,0.6000004,3.603606,1.0,887,0.2916635775756835,False,2026-01-16
2024-07-01,260.0,16.4,15.85,16.6,1.6999998,11.564625,3.0,935,0.28900857482910147,False,2026-01-16
2024-07-01,265.0,14.83,14.0,15.2,1.3299999,9.851851,7.0,792,0.28693340026855463,False,2026-01-16
2024-07-01,270.0,13.55,12.7,13.9,1.6000004,13.389124,3.0,291,0.28494977752685535,False,2026-01-16
2024-07-01,275.0,12.24,11.55,12.7,0.8899994,7.841404,30.0,402,0.28313399978637693,False,2026-01-16
2024-07-01,280.0,11.5,10.45,11.6,1.6000004,16.16162,10.0,543,0.2815318429565429,False,2026-01-16
2024-07-01,285.0,10.15,9.5,10.65,0.79999924,8.556141,3.0,208,0.2807383938598632,False,2026-01-16
2024-06-28,290.0,8.75,8.55,9.75,0.0,0.0,5.0,825,0.2797465824890136,False,2026-01-16
2024-07-01,300.0,7.7,7.25,8.0,0.6999998,9.999998,3250.0,17767,0.2759776992797851,False,2026-01-16
2024-07-01,310.0,6.5,6.0,6.85,0.6999998,12.068962,79.0,3029,0.2769237347412109,False,2026-01-16
2024-07-01,320.0,5.3,5.2,5.75,0.35000038,7.070715,42.0,251,0.276099768371582,False,2026-01-16
2024-06-28,50.0,167.4,168.0,171.6,0.0,0.0,12.0,142,0.7148466015625,True,2026-06-18
2024-06-21,55.0,159.0,163.5,167.15,0.0,0.0,1.0,56,0.6965362377929689,True,2026-06-18
2024-06-21,60.0,154.77,159.0,162.6,0.0,0.0,4.0,109,0.6757234576416018,True,2026-06-18
2024-06-17,65.0,156.6,154.6,158.1,0.0,0.0,1.0,118,0.65820654296875,True,2026-06-18
2024-07-01,70.0,150.4,149.85,153.6,1.5299988,1.0277416,2.0,83,0.6343420355224609,True,2026-06-18
2024-05-09,75.0,115.42,126.05,129.55,0.0,0.0,1.0,128,1.0000000000000003e-05,True,2026-06-18
2024-06-26,80.0,138.68,141.2,144.7,0.0,0.0,40.0,73,0.6041299353027345,True,2026-06-18
2024-05-03,85.0,106.2,112.0,117.0,0.0,0.0,1.0,83,1.0000000000000003e-05,True,2026-06-18
2024-07-01,90.0,133.16,131.95,135.8,1.9600067,1.4939076,5.0,1489,0.5656781713867188,True,2026-06-18
2024-06-12,95.0,130.67,127.55,131.4,0.0,0.0,1.0,81,0.5505416040039064,True,2026-06-18
2024-06-28,100.0,123.63,123.8,126.45,0.0,0.0,2.0,448,0.5365036584472658,True,2026-06-18
2024-06-12,105.0,120.0,119.5,122.5,0.0,0.0,1.0,110,0.5270433038330078,True,2026-06-18
2024-06-28,110.0,113.0,114.95,118.1,0.0,0.0,1.0,137,0.5101977691650392,True,2026-06-18
2024-06-14,115.0,108.66,110.5,113.8,0.0,0.0,10.0,177,0.5249376119995117,True,2026-06-18
2024-06-20,120.0,100.9,106.6,109.15,0.0,0.0,10.0,430,0.5041248318481445,True,2026-06-18
2024-07-01,125.0,104.0,102.3,104.95,-0.76999664,-0.73494005,1.0,321,0.49112447357177735,True,2026-06-18
2024-07-01,130.0,100.0,98.35,100.7,8.5,9.289618,7.0,231,0.4772696316528321,True,2026-06-18
2024-06-20,135.0,92.15,94.3,96.6,0.0,0.0,4.0,452,0.46555099884033213,True,2026-06-18
2024-06-26,140.0,89.3,90.15,92.45,0.0,0.0,6.0,407,0.4529168478393555,True,2026-06-18
2024-07-01,145.0,86.32,86.15,88.45,2.1200027,2.517818,9.0,156,0.44212899185180665,True,2026-06-18
2024-07-01,150.0,82.55,82.15,84.35,2.1500015,2.6741312,1.0,420,0.4298000135803223,True,2026-06-18
2024-07-01,155.0,79.4,78.35,80.5,1.9199982,2.4780564,1.0,372,0.4202938830566406,True,2026-06-18
2024-07-01,160.0,75.32,74.55,76.5,4.4000015,6.204176,11.0,563,0.40868206069946283,True,2026-06-18
2024-06-28,165.0,66.05,71.25,72.5,0.0,0.0,2.0,414,0.39682610015869146,True,2026-06-18
2024-07-01,170.0,67.98,67.65,68.85,2.7800064,4.2638135,2.0,2683,0.38847962600708,True,2026-06-18
2024-07-01,175.0,64.1,64.05,65.1,1.7199974,2.75729,28.0,613,0.3786072882080078,True,2026-06-18
2024-07-01,180.0,61.0,60.55,61.9,2.7000008,4.631219,4.0,1113,0.373831334991455,True,2026-06-18
2024-07-01,185.0,54.3,57.35,58.4,2.040001,3.903561,1.0,1122,0.3654238262939453,True,2026-06-18
2024-07-01,190.0,54.1,54.1,55.3,2.459999,4.763747,26.0,4891,0.3602969244384765,True,2026-06-18
2024-07-01,195.0,50.34,50.95,52.05,0.43999863,0.8817608,3.0,724,0.35309484802246094,True,2026-06-18
2024-07-01,200.0,47.1,47.9,49.0,2.199997,4.8997703,19.0,3196,0.34708294525146477,True,2026-06-18
2024-06-28,205.0,42.83,44.9,46.05,0.33000183,0.7764749,1.0,1837,0.3413151806640625,True,2026-06-18
2024-07-01,210.0,42.5,42.05,43.2,1.7999992,4.4226027,216.0,1380,0.33576103698730464,True,2026-06-18
2024-07-01,215.0,39.37,39.4,40.55,1.3699989,3.6052604,23.0,1048,0.33122922195434573,True,2026-06-18
2024-07-01,220.0,37.0,37.0,37.9,2.0,5.714286,219.0,2025,0.32598025100708,False,2026-06-18
2024-07-01,225.0,34.55,34.4,35.65,2.9099998,9.197219,47.0,2160,0.3233862828063964,False,2026-06-18
2024-07-01,230.0,32.0,32.05,33.25,3.0,10.344828,41.0,841,0.31880869186401356,False,2026-06-18
2024-07-01,235.0,30.14,30.1,30.9,1.7199993,6.052074,5.0,1009,0.3139411868286133,False,2026-06-18
2024-07-01,240.0,28.75,27.55,28.7,2.1299992,8.001499,11.0,555,0.3095924754333496,False,2026-06-18
2024-07-01,245.0,25.37,25.6,26.8,0.5700016,2.2983937,3.0,214,0.306998507232666,False,2026-06-18
2024-07-01,250.0,24.96,24.1,24.9,1.7599983,7.5861993,6.0,6710,0.30370264175415035,False,2026-06-18
2024-07-01,255.0,23.05,22.3,23.15,1.75,8.215962,1.0,370,0.30094082855224613,False,2026-06-18
2024-07-01,260.0,21.32,20.9,21.5,0.539999,2.5986476,6.0,1368,0.2983163430786132,False,2026-06-18
2024-07-01,265.0,19.5,19.1,19.95,1.3899994,7.675314,8.0,319,0.29585970260620115,False,2026-06-18
2024-06-26,270.0,17.7,17.85,18.5,2.3000011,14.935073,1.0,1127,0.29358616577148433,False,2026-06-18
2024-07-01,275.0,15.92,16.3,17.15,2.0100002,14.450038,6.0,223,0.2915109912109374,False,2026-06-18
2024-07-01,280.0,15.5,15.15,15.9,1.1499996,8.013934,1.0,306,0.28967995483398434,False,2026-06-18
2024-06-14,285.0,11.39,14.3,14.75,0.0,0.0,40.0,381,0.2881235739135741,False,2026-06-18
2024-07-01,290.0,12.98,13.15,13.65,0.62999916,5.1012077,10.0,293,0.2864298652648925,False,2026-06-18
2024-07-01,300.0,11.67,11.15,11.75,1.4700003,14.411768,16.0,808,0.28411055252075185,False,2026-06-18
2024-07-01,310.0,9.95,9.55,10.1,1.0500002,11.797755,15.0,3668,0.2820506365966796,False,2026-06-18
2024-07-01,320.0,8.3,7.9,8.75,0.6700001,8.781128,1.0,65,0.28113511840820304,False,2026-06-18
2024-07-01,50.0,169.6,168.25,172.15,5.100006,3.1003077,30.0,892,0.6577793011474609,True,2026-12-18
2024-07-01,60.0,160.2,159.5,163.35,1.3099976,0.82446826,2.0,154,0.6268958209228517,True,2026-12-18
2024-07-01,70.0,152.3,150.75,154.6,3.4000092,2.283418,244.0,382,0.5955850988769531,True,2026-12-18
2024-07-01,80.0,143.8,142.1,145.9,2.199997,1.55367,8.0,208,0.5662274822998048,True,2026-12-18
2024-06-27,85.0,136.95,137.8,141.0,0.0,0.0,6.0,57,0.5454757366943359,True,2026-12-18
2024-07-01,90.0,134.64,133.6,137.35,1.9400024,1.4619461,4.0,232,0.5402267657470705,True,2026-12-18
2024-06-27,95.0,128.6,129.35,132.95,0.0,0.0,2.0,53,0.5257615783691407,True,2026-12-18
2024-07-01,100.0,126.5,125.65,128.35,2.5,2.016129,18.0,1405,0.5147143255615234,True,2026-12-18
2024-06-28,105.0,121.15,120.95,124.5,0.0,0.0,4.0,124,0.5012256909179689,True,2026-12-18
2024-06-28,110.0,115.1,116.85,120.25,0.0,0.0,3.0,153,0.516881051940918,True,2026-12-18
2024-06-28,115.0,111.55,112.8,116.15,0.0,0.0,4.0,78,0.504613108215332,True,2026-12-18
2024-06-28,120.0,107.65,108.9,111.7,0.0,0.0,10.0,275,0.4872792971801758,True,2026-12-18
2024-06-28,125.0,103.28,104.75,107.95,0.0,0.0,21.0,197,0.479924634399414,True,2026-12-18
2024-07-01,130.0,103.0,100.9,103.6,3.0,3.0,1.0,137,0.46429979064941407,True,2026-12-18
2024-07-01,135.0,98.72,96.9,99.65,3.3199997,3.4800835,54.0,517,0.4538934005737304,True,2026-12-18
2024-07-01,140.0,95.2,93.4,95.7,3.5499954,3.8734264,34.0,446,0.4433191654968262,True,2026-12-18
2024-06-28,145.0,88.2,88.95,92.1,0.0,0.0,70.0,157,0.4365443309020996,True,2026-12-18
2024-07-01,150.0,86.4,85.6,88.0,3.4000015,4.0963874,3.0,243,0.4238491453552246,True,2026-12-18
2024-06-27,155.0,80.5,82.0,84.5,0.0,0.0,12.0,155,0.417425259399414,True,2026-12-18
2024-06-28,160.0,77.88,78.9,80.1,1.0299988,1.3402717,1.0,395,0.40144946701049805,True,2026-12-18
2024-07-01,165.0,75.49,75.3,76.55,1.8899994,2.567934,24.0,398,0.39395747650146484,True,2026-12-18
2024-07-01,170.0,72.1,71.9,73.2,3.0999985,4.4927516,24.0,1253,0.38794557373046873,True,2026-12-18
2024-07-01,175.0,68.4,68.5,69.85,1.0999985,1.6344702,12.0,749,0.3814606532287597,True,2026-12-18
2024-07-01,180.0,64.9,65.25,66.45,1.1000023,1.7241416,314.0,826,0.3740907318115234,True,2026-12-18
2024-07-01,185.0,63.24,62.0,63.3,4.7400017,8.102568,8.0,831,0.3684602949523926,True,2026-12-18
2024-07-01,190.0,60.25,59.05,60.05,3.2400017,5.683217,10.0,948,0.3615023567199707,True,2026-12-18
2024-07-01,195.0,56.54,55.95,57.35,3.1500015,5.8999844,6.0,916,0.3586184744262696,True,2026-12-18
2024-07-01,200.0,52.65,53.05,54.1,3.8100014,7.8009853,65.0,4847,0.35071450073242183,True,2026-12-18
2024-07-01,210.0,47.35,47.3,48.85,2.8999977,6.524179,81.0,2666,0.343405613861084,True,2026-12-18
2024-07-01,220.0,43.14,42.35,43.65,2.8099976,6.9675117,41.0,3599,0.3342962078857422,False,2026-12-18
2024-07-01,230.0,37.86,37.6,38.75,1.8400002,5.1082735,33.0,2165,0.32532412963867186,False,2026-12-18
2024-07-01,240.0,33.3,33.05,34.6,1.7799988,5.6472044,33.0,2962,0.3197852445983886,False,2026-12-18
2024-07-01,250.0,29.77,29.3,30.7,3.17,11.917293,102.0,10454,0.31392592819213866,False,2026-12-18
2024-07-01,260.0,26.5,25.95,26.65,1.7700005,7.157301,17.0,1167,0.30482415153503417,False,2026-12-18
2024-07-01,270.0,23.35,22.9,23.5,1.3000011,5.895697,3.0,1225,0.3002999658203125,False,2026-12-18
2024-07-01,280.0,20.2,19.9,20.7,1.8700008,10.201859,7.0,975,0.2964242721557617,False,2026-12-18
2024-07-01,290.0,17.5,17.5,18.25,0.8899994,5.358214,9.0,295,0.2933267689514159,False,2026-12-18
2024-07-01,300.0,15.4,15.4,16.0,0.75,5.119454,27.0,924,0.2899698689270019,False,2026-12-18
2024-07-01,310.0,13.2,13.25,14.1,0.39999962,3.124997,1.0,94,0.2877573666381835,False,2026-12-18
2024-07-01,320.0,11.1,11.7,12.4,0.10000038,0.9090944,5.0,330,0.2856211575317382,False,2026-12-18
2024-07-01,330.0,10.65,10.2,10.9,0.9899998,10.248445,6.0,470,0.2837290866088866,False,2026-12-18
2024-07-01,340.0,9.42,9.1,9.65,0.9899998,11.743769,63.0,178,0.2827525338745117,False,2026-12-18
2024-07-01,350.0,8.2,8.0,8.3,1.1499996,16.312052,65.0,2679,0.2792735647583008,False,2026-12-18
